Date,TotalReturnsIndex
2009-10-01,1000.0
2009-10-05,982.63
2009-10-06,968.26
2009-10-07,956.95
2009-10-08,946.32
2009-10-09,943.05
2009-10-12,964.44
2009-10-14,972.14
2009-10-15,964.41
2009-10-16,968.67
2009-10-17,973.63
2009-10-20,972.81
2009-10-21,970.98
2009-10-22,962.95
2009-10-23,973.87
2009-10-26,968.28
2009-10-27,942.71
2009-10-28,949.2
2009-10-29,931.0
2009-10-30,916.02
2009-11-03,884.57
2009-11-04,913.17
2009-11-05,925.53
2009-11-06,926.76
2009-11-09,933.87
2009-11-10,920.94
2009-11-11,944.35
2009-11-12,939.91
2009-11-13,950.0
2009-11-16,961.34
2009-11-17,965.23
2009-11-18,969.13
2009-11-19,955.37
2009-11-20,961.21
2009-11-23,960.84
2009-11-24,963.2
2009-11-25,963.59
2009-11-26,950.02
2009-11-27,939.29
2009-11-30,955.29
2009-12-01,970.35
2009-12-02,968.55
2009-12-03,973.96
2009-12-04,975.79
2009-12-07,971.35
2009-12-08,988.83
2009-12-09,992.72
2009-12-10,993.19
2009-12-11,989.8
2009-12-14,987.33
2009-12-15,980.7
2009-12-16,988.07
2009-12-17,990.04
2009-12-18,983.44
2009-12-21,974.94
2009-12-22,982.72
2009-12-23,1005.01
2009-12-24,1008.64
2009-12-29,1007.06
2009-12-30,1004.23
2009-12-31,1007.11
2010-01-04,1013.69
2010-01-05,1023.92
2010-01-06,1018.59
2010-01-07,1009.44
2010-01-08,1004.47
2010-01-11,1013.29
2010-01-12,1014.69
2010-01-13,1028.02
2010-01-14,1031.24
2010-01-15,1034.25
2010-01-18,1037.75
2010-01-19,1025.12
2010-01-20,1028.97
2010-01-21,1009.82
2010-01-22,1001.79
2010-01-25,998.09
2010-01-27,964.49
2010-01-28,967.14
2010-01-29,960.39
2010-02-01,969.98
2010-02-02,958.08
2010-02-03,974.83
2010-02-04,954.77
2010-02-05,934.99
2010-02-06,943.44
2010-02-08,945.14
2010-02-09,954.61
2010-02-10,953.41
2010-02-11,965.28
2010-02-15,958.38
2010-02-16,964.07
2010-02-17,969.68
2010-02-18,965.08
2010-02-19,955.53
2010-02-22,955.84
2010-02-23,959.87
2010-02-24,956.56
2010-02-25,955.76
2010-02-26,959.96
2010-03-02,977.48
2010-03-03,988.26
2010-03-04,993.21
2010-03-05,1000.05
2010-03-08,1005.07
2010-03-09,1001.53
2010-03-10,1002.95
2010-03-11,1005.78
2010-03-12,1006.36
2010-03-15,1011.54
2010-03-16,1017.85
2010-03-17,1025.16
2010-03-18,1024.69
2010-03-19,1029.69
2010-03-22,1027.73
2010-03-23,1025.41
2010-03-25,1036.44
2010-03-26,1036.24
2010-03-29,1037.33
2010-03-30,1027.85
2010-03-31,1025.34
2010-04-01,1031.04
2010-04-05,1043.44
2010-04-06,1041.73
2010-04-07,1044.16
2010-04-08,1040.99
2010-04-09,1040.1
2010-04-12,1041.18
2010-04-13,1048.11
2010-04-15,1047.42
2010-04-16,1046.35
2010-04-19,1031.4
2010-04-20,1030.01
2010-04-21,1036.26
2010-04-22,1035.38
2010-04-23,1031.22
2010-04-26,1031.37
2010-04-27,1029.73
2010-04-28,1018.99
2010-04-29,1016.86
2010-04-30,1021.12
2010-05-03,1012.69
2010-05-04,996.87
2010-05-05,999.26
2010-05-06,988.41
2010-05-07,967.34
2010-05-10,998.51
2010-05-11,981.21
2010-05-12,980.01
2010-05-13,984.41
2010-05-14,975.04
2010-05-17,971.01
2010-05-18,969.9
2010-05-19,946.54
2010-05-20,947.3
2010-05-21,944.66
2010-05-24,952.12
2010-05-25,928.47
2010-05-26,948.08
2010-05-27,960.34
2010-05-28,979.2
2010-05-31,980.58
2010-06-01,964.62
2010-06-02,979.36
2010-06-03,996.5
2010-06-04,1001.19
2010-06-07,985.9
2010-06-08,973.77
2010-06-09,974.3
2010-06-10,994.02
2010-06-11,994.0
2010-06-14,1010.87
2010-06-15,1021.78
2010-06-16,1021.59
2010-06-17,1027.46
2010-06-18,1026.05
2010-06-21,1038.93
2010-06-22,1031.55
2010-06-23,1037.34
2010-06-24,1037.08
2010-06-25,1025.13
2010-06-28,1034.06
2010-06-29,1021.25
2010-06-30,1026.33
2010-07-01,1015.91
2010-07-02,1017.93
2010-07-05,1019.19
2010-07-06,1029.62
2010-07-07,1026.77
2010-07-08,1035.34
2010-07-09,1050.27
2010-07-12,1054.98
2010-07-13,1049.09
2010-07-14,1045.57
2010-07-15,1045.23
2010-07-16,1055.15
2010-07-19,1049.98
2010-07-20,1048.99
2010-07-21,1057.07
2010-07-22,1065.51
2010-07-23,1068.51
2010-07-26,1070.16
2010-07-27,1076.97
2010-07-28,1074.67
2010-07-29,1071.76
2010-07-30,1056.46
2010-08-02,1064.65
2010-08-03,1064.47
2010-08-04,1079.73
2010-08-05,1080.0
2010-08-06,1079.86
2010-08-09,1093.47
2010-08-10,1084.03
2010-08-11,1073.43
2010-08-12,1066.57
2010-08-13,1073.72
2010-08-16,1069.13
2010-08-17,1065.56
2010-08-18,1078.79
2010-08-19,1086.82
2010-08-20,1082.38
2010-08-23,1086.9
2010-08-24,1083.39
2010-08-25,1074.82
2010-08-26,1079.74
2010-08-27,1063.07
2010-08-30,1064.11
2010-08-31,1063.09
2010-09-01,1078.59
2010-09-02,1078.06
2010-09-03,1080.6
2010-09-06,1094.42
2010-09-07,1101.68
2010-09-08,1106.68
2010-09-09,1105.82
2010-09-13,1113.71
2010-09-14,1123.31
2010-09-15,1136.09
2010-09-16,1124.16
2010-09-17,1140.24
2010-09-20,1161.07
2010-09-21,1168.33
2010-09-22,1163.27
2010-09-23,1160.12
2010-09-24,1176.71
2010-09-27,1177.05
2010-09-28,1178.26
2010-09-29,1173.02
2010-09-30,1177.06
2010-10-01,1198.05
2010-10-04,1195.96
2010-10-05,1193.6
2010-10-06,1202.81
2010-10-07,1193.32
2010-10-08,1190.8
2010-10-11,1191.69
2010-10-12,1183.45
2010-10-13,1210.47
2010-10-14,1209.69
2010-10-15,1183.11
2010-10-18,1183.49
2010-10-19,1174.89
2010-10-20,1166.18
2010-10-21,1193.57
2010-10-22,1191.32
2010-10-25,1197.83
2010-10-26,1192.81
2010-10-27,1178.08
2010-10-28,1178.59
2010-10-29,1178.28
2010-11-01,1191.0
2010-11-02,1195.82
2010-11-03,1204.06
2010-11-04,1214.51
2010-11-05,1220.92
2010-11-08,1217.25
2010-11-09,1232.39
2010-11-10,1227.84
2010-11-11,1216.97
2010-11-12,1197.32
2010-11-15,1202.46
2010-11-16,1180.13
2010-11-18,1191.64
2010-11-19,1174.46
2010-11-22,1195.46
2010-11-23,1187.06
2010-11-24,1178.29
2010-11-25,1171.09
2010-11-26,1163.14
2010-11-29,1176.25
2010-11-30,1191.61
2010-12-01,1194.95
2010-12-02,1197.41
2010-12-03,1197.78
2010-12-06,1199.37
2010-12-07,1204.36
2010-12-08,1191.63
2010-12-09,1171.94
2010-12-10,1184.29
2010-12-13,1188.62
2010-12-14,1192.23
2010-12-15,1187.14
2010-12-16,1198.39
2010-12-20,1208.14
2010-12-21,1212.45
2010-12-22,1214.05
2010-12-23,1213.54
2010-12-24,1225.17
2010-12-27,1224.1
2010-12-28,1227.46
2010-12-29,1241.22
2010-12-30,1250.35
2010-12-31,1256.45
2011-01-03,1256.83
2011-01-04,1258.47
2011-01-05,1256.34
2011-01-06,1251.61
2011-01-07,1215.37
2011-01-10,1195.29
2011-01-11,1193.67
2011-01-12,1212.67
2011-01-13,1198.34
2011-01-14,1187.44
2011-01-17,1187.44
2011-01-18,1207.16
2011-01-19,1203.77
2011-01-20,1206.48
2011-01-21,1195.8
2011-01-24,1194.86
2011-01-25,1188.58
2011-01-27,1173.76
2011-01-28,1154.22
2011-01-31,1151.07
2011-02-01,1135.44
2011-02-02,1140.45
2011-02-03,1155.72
2011-02-04,1129.97
2011-02-07,1130.05
2011-02-08,1119.37
2011-02-09,1099.04
2011-02-10,1096.35
2011-02-11,1096.54
2011-02-14,1124.97
2011-02-15,1123.11
2011-02-16,1124.85
2011-02-17,1133.17
2011-02-18,1122.65
2011-02-21,1138.13
2011-02-22,1128.18
2011-02-23,1122.64
2011-02-24,1096.66
2011-02-25,1100.93
2011-02-28,1109.93
2011-03-01,1141.14
2011-03-03,1141.8
2011-03-04,1143.4
2011-03-07,1131.85
2011-03-08,1142.26
2011-03-09,1144.81
2011-03-10,1138.91
2011-03-11,1126.32
2011-03-14,1138.84
2011-03-15,1119.97
2011-03-16,1131.13
2011-03-17,1118.8
2011-03-18,1110.87
2011-03-21,1103.93
2011-03-22,1113.96
2011-03-23,1123.77
2011-03-24,1132.68
2011-03-25,1155.06
2011-03-28,1159.77
2011-03-29,1173.91
2011-03-30,1183.6
2011-03-31,1198.56
2011-04-01,1199.46
2011-04-04,1213.78
2011-04-05,1220.83
2011-04-06,1215.69
2011-04-07,1212.74
2011-04-08,1204.91
2011-04-11,1196.5
2011-04-13,1221.11
2011-04-15,1203.32
2011-04-18,1187.95
2011-04-19,1187.32
2011-04-20,1212.38
2011-04-21,1214.38
2011-04-25,1219.96
2011-04-26,1222.46
2011-04-27,1217.42
2011-04-28,1209.18
2011-04-29,1204.91
2011-05-02,1198.38
2011-05-03,1172.2
2011-05-04,1160.7
2011-05-05,1146.27
2011-05-06,1159.54
2011-05-09,1163.21
2011-05-10,1163.22
2011-05-11,1167.74
2011-05-12,1153.51
2011-05-13,1169.53
2011-05-16,1166.63
2011-05-17,1167.1
2011-05-18,1168.78
2011-05-19,1171.16
2011-05-20,1182.57
2011-05-23,1170.33
2011-05-24,1171.97
2011-05-25,1166.13
2011-05-26,1174.31
2011-05-27,1182.4
2011-05-30,1181.81
2011-05-31,1198.82
2011-06-01,1210.55
2011-06-02,1207.61
2011-06-03,1205.46
2011-06-06,1206.32
2011-06-07,1208.59
2011-06-08,1205.19
2011-06-09,1203.79
2011-06-10,1199.52
2011-06-13,1200.82
2011-06-14,1209.16
2011-06-15,1201.52
2011-06-16,1186.16
2011-06-17,1175.98
2011-06-20,1158.12
2011-06-21,1163.71
2011-06-22,1156.3
2011-06-23,1166.54
2011-06-24,1198.72
2011-06-27,1207.57
2011-06-28,1212.35
2011-06-29,1223.52
2011-06-30,1231.7
2011-07-01,1231.41
2011-07-04,1231.18
2011-07-05,1227.12
2011-07-06,1228.39
2011-07-07,1253.82
2011-07-08,1240.41
2011-07-11,1229.41
2011-07-12,1208.37
2011-07-13,1218.55
2011-07-14,1218.31
2011-07-15,1217.98
2011-07-18,1213.93
2011-07-19,1221.07
2011-07-20,1209.29
2011-07-21,1205.86
2011-07-22,1221.53
2011-07-25,1231.7
2011-07-26,1217.65
2011-07-27,1215.93
2011-07-28,1210.77
2011-07-29,1210.19
2011-08-01,1213.62
2011-08-02,1200.97
2011-08-03,1188.25
2011-08-04,1173.62
2011-08-05,1150.63
2011-08-08,1130.34
2011-08-09,1118.77
2011-08-10,1136.37
2011-08-11,1128.82
2011-08-12,1118.5
2011-08-16,1118.39
2011-08-17,1129.87
2011-08-18,1108.13
2011-08-19,1083.79
2011-08-22,1095.56
2011-08-23,1116.61
2011-08-24,1104.71
2011-08-25,1097.61
2011-08-26,1084.73
2011-08-29,1120.03
2011-08-30,1135.17
2011-09-02,1140.66
2011-09-05,1139.74
2011-09-06,1143.77
2011-09-07,1151.48
2011-09-08,1156.18
2011-09-09,1142.74
2011-09-12,1120.11
2011-09-13,1122.24
2011-09-14,1138.42
2011-09-15,1148.83
2011-09-16,1139.89
2011-09-19,1131.88
2011-09-20,1152.6
2011-09-21,1149.44
2011-09-22,1107.88
2011-09-23,1101.06
2011-09-26,1091.18
2011-09-27,1116.36
2011-09-28,1110.55
2011-09-29,1119.35
2011-09-30,1108.2
2011-10-03,1092.12
2011-10-04,1081.39
2011-10-05,1079.71
2011-10-07,1099.09
2011-10-10,1110.35
2011-10-11,1111.92
2011-10-12,1137.28
2011-10-13,1129.56
2011-10-14,1143.67
2011-10-17,1141.99
2011-10-18,1118.37
2011-10-19,1137.21
2011-10-20,1132.25
2011-10-21,1121.39
2011-10-24,1132.26
2011-10-25,1153.61
2011-10-26,1158.34
2011-10-28,1184.13
2011-10-31,1182.07
2011-11-01,1175.0
2011-11-02,1174.07
2011-11-03,1173.46
2011-11-04,1182.79
2011-11-08,1182.65
2011-11-09,1179.06
2011-11-11,1173.17
2011-11-14,1174.06
2011-11-15,1158.21
2011-11-16,1147.27
2011-11-17,1133.12
2011-11-18,1127.85
2011-11-21,1108.23
2011-11-22,1108.63
2011-11-23,1088.46
2011-11-24,1103.01
2011-11-25,1093.39
2011-11-28,1117.33
2011-11-29,1111.45
2011-11-30,1121.62
2011-12-01,1135.03
2011-12-02,1157.89
2011-12-05,1155.35
2011-12-07,1157.74
2011-12-08,1137.71
2011-12-09,1124.37
2011-12-12,1106.59
2011-12-13,1109.86
2011-12-14,1107.23
2011-12-15,1103.73
2011-12-16,1085.43
2011-12-19,1076.98
2011-12-20,1055.42
2011-12-21,1079.17
2011-12-22,1081.07
2011-12-23,1080.11
2011-12-26,1097.12
2011-12-27,1094.27
2011-12-28,1086.54
2011-12-29,1078.96
2011-12-30,1077.12
2012-01-02,1076.57
2012-01-03,1101.71
2012-01-04,1091.39
2012-01-05,1092.56
2012-01-06,1085.67
2012-01-07,1085.96
2012-01-09,1083.67
2012-01-10,1102.41
2012-01-11,1100.42
2012-01-12,1089.42
2012-01-13,1098.47
2012-01-16,1106.63
2012-01-17,1130.16
2012-01-18,1118.62
2012-01-19,1127.56
2012-01-20,1128.47
2012-01-23,1133.13
2012-01-24,1147.31
2012-01-25,1153.1
2012-01-27,1164.42
2012-01-30,1145.83
2012-01-31,1161.74
2012-02-01,1169.93
2012-02-02,1187.01
2012-02-03,1193.87
2012-02-06,1205.96
2012-02-07,1196.6
2012-02-08,1205.37
2012-02-09,1212.05
2012-02-10,1207.77
2012-02-13,1208.39
2012-02-14,1214.2
2012-02-15,1236.71
2012-02-16,1239.15
2012-02-17,1242.6
2012-02-21,1248.4
2012-02-22,1233.54
2012-02-23,1227.51
2012-02-24,1223.11
2012-02-27,1198.59
2012-02-28,1210.65
2012-02-29,1209.57
2012-03-01,1204.95
2012-03-02,1209.67
2012-03-03,1208.63
2012-03-05,1195.33
2012-03-06,1187.82
2012-03-07,1189.03
2012-03-09,1207.78
2012-03-12,1213.86
2012-03-13,1227.26
2012-03-14,1230.05
2012-03-15,1220.76
2012-03-16,1213.93
2012-03-19,1206.15
2012-03-20,1208.71
2012-03-21,1229.06
2012-03-22,1203.54
2012-03-23,1217.12
2012-03-26,1200.63
2012-03-27,1214.39
2012-03-28,1206.9
2012-03-29,1202.31
2012-03-30,1224.35
2012-04-02,1229.18
2012-04-03,1231.52
2012-04-04,1224.3
2012-04-09,1206.91
2012-04-10,1206.66
2012-04-11,1199.51
2012-04-12,1208.01
2012-04-13,1185.13
2012-04-16,1185.27
2012-04-17,1201.14
2012-04-18,1204.86
2012-04-19,1210.94
2012-04-20,1203.19
2012-04-23,1180.97
2012-04-24,1191.6
2012-04-25,1188.05
2012-04-26,1187.23
2012-04-27,1186.91
2012-04-28,1190.02
2012-04-30,1203.87
2012-05-02,1203.89
2012-05-03,1196.45
2012-05-04,1178.1
2012-05-07,1187.48
2012-05-08,1161.81
2012-05-09,1166.44
2012-05-10,1160.86
2012-05-11,1147.65
2012-05-14,1154.57
2012-05-15,1167.16
2012-05-16,1150.9
2012-05-17,1150.49
2012-05-18,1148.7
2012-05-21,1148.09
2012-05-22,1136.08
2012-05-23,1128.82
2012-05-24,1142.55
2012-05-25,1143.87
2012-05-28,1153.87
2012-05-29,1155.27
2012-05-30,1157.43
2012-05-31,1155.96
2012-06-01,1140.73
2012-06-04,1133.95
2012-06-05,1134.74
2012-06-06,1168.17
2012-06-07,1176.41
2012-06-08,1180.34
2012-06-11,1180.17
2012-06-12,1193.28
2012-06-13,1201.36
2012-06-14,1191.98
2012-06-15,1209.57
2012-06-18,1199.77
2012-06-19,1208.4
2012-06-20,1210.06
2012-06-21,1218.32
2012-06-22,1213.48
2012-06-25,1206.99
2012-06-26,1205.03
2012-06-27,1210.01
2012-06-28,1213.58
2012-06-29,1241.03
2012-07-02,1235.67
2012-07-03,1235.5
2012-07-04,1241.22
2012-07-05,1245.21
2012-07-06,1238.33
2012-07-09,1228.65
2012-07-10,1243.77
2012-07-11,1235.92
2012-07-12,1214.05
2012-07-13,1211.36
2012-07-16,1203.38
2012-07-17,1203.99
2012-07-18,1213.5
2012-07-19,1214.73
2012-07-20,1215.31
2012-07-23,1195.76
2012-07-24,1200.32
2012-07-25,1194.9
2012-07-26,1183.9
2012-07-27,1197.85
2012-07-30,1215.18
2012-07-31,1218.67
2012-08-01,1217.74
2012-08-02,1220.13
2012-08-03,1216.42
2012-08-06,1222.04
2012-08-07,1233.75
2012-08-08,1232.21
2012-08-09,1234.83
2012-08-10,1240.98
2012-08-13,1246.34
2012-08-14,1251.1
2012-08-16,1242.92
2012-08-17,1245.92
2012-08-21,1255.84
2012-08-22,1253.86
2012-08-23,1261.5
2012-08-24,1258.72
2012-08-27,1252.07
2012-08-28,1250.28
2012-08-29,1239.68
2012-08-30,1243.94
2012-08-31,1230.45
2012-09-03,1233.75
2012-09-04,1238.39
2012-09-05,1234.97
2012-09-06,1240.14
2012-09-07,1262.51
2012-09-08,1266.23
2012-09-10,1270.03
2012-09-11,1272.88
2012-09-12,1284.95
2012-09-13,1284.89
2012-09-14,1305.92
2012-09-17,1293.81
2012-09-18,1293.51
2012-09-20,1292.75
2012-09-21,1311.42
2012-09-24,1307.07
2012-09-25,1307.82
2012-09-26,1307.03
2012-09-27,1311.45
2012-09-28,1325.86
2012-10-01,1333.31
2012-10-03,1335.53
2012-10-04,1337.76
2012-10-05,1330.32
2012-10-08,1325.07
2012-10-09,1333.44
2012-10-10,1324.99
2012-10-11,1332.31
2012-10-12,1326.51
2012-10-15,1326.98
2012-10-16,1324.37
2012-10-17,1325.02
2012-10-18,1333.52
2012-10-19,1327.18
2012-10-22,1330.86
2012-10-23,1322.53
2012-10-25,1321.69
2012-10-26,1312.73
2012-10-29,1315.34
2012-10-30,1310.43
2012-10-31,1316.1
2012-11-01,1325.59
2012-11-02,1334.38
2012-11-05,1335.2
2012-11-06,1336.44
2012-11-07,1342.18
2012-11-08,1340.62
2012-11-09,1332.96
2012-11-12,1330.44
2012-11-13,1327.76
2012-11-15,1315.92
2012-11-16,1309.58
2012-11-19,1312.95
2012-11-20,1310.31
2012-11-21,1320.4
2012-11-22,1324.7
2012-11-23,1327.15
2012-11-26,1335.33
2012-11-27,1355.52
2012-11-29,1367.69
2012-11-30,1374.46
2012-12-03,1375.5
2012-12-04,1371.58
2012-12-05,1368.17
2012-12-06,1366.07
2012-12-07,1360.8
2012-12-10,1357.39
2012-12-11,1356.36
2012-12-12,1355.17
2012-12-13,1345.95
2012-12-14,1349.73
2012-12-17,1343.73
2012-12-18,1354.65
2012-12-19,1369.47
2012-12-20,1370.49
2012-12-21,1355.05
2012-12-24,1359.37
2012-12-26,1366.64
2012-12-27,1357.31
2012-12-28,1367.39
2012-12-31,1366.44
2013-01-01,1375.52
2013-01-02,1378.42
2013-01-03,1384.48
2013-01-04,1388.26
2013-01-07,1386.8
2013-01-08,1387.42
2013-01-09,1374.6
2013-01-10,1365.12
2013-01-11,1378.38
2013-01-14,1394.07
2013-01-15,1403.02
2013-01-16,1393.14
2013-01-17,1400.95
2013-01-18,1390.73
2013-01-21,1395.69
2013-01-22,1386.48
2013-01-23,1383.5
2013-01-24,1381.53
2013-01-25,1394.87
2013-01-28,1394.34
2013-01-29,1388.68
2013-01-30,1390.99
2013-01-31,1392.83
2013-02-01,1387.76
2013-02-04,1387.13
2013-02-05,1383.27
2013-02-06,1388.44
2013-02-07,1382.46
2013-02-08,1375.21
2013-02-11,1371.23
2013-02-12,1376.45
2013-02-13,1377.76
2013-02-14,1373.12
2013-02-15,1369.44
2013-02-18,1367.89
2013-02-19,1379.87
2013-02-20,1381.4
2013-02-21,1365.99
2013-02-22,1366.83
2013-02-25,1371.67
2013-02-26,1362.36
2013-02-27,1364.52
2013-02-28,1355.6
2013-03-01,1361.71
2013-03-04,1351.08
2013-03-05,1370.72
2013-03-06,1373.28
2013-03-07,1383.24
2013-03-08,1393.14
2013-03-11,1389.5
2013-03-12,1383.53
2013-03-13,1376.29
2013-03-14,1382.68
2013-03-15,1385.9
2013-03-18,1380.9
2013-03-19,1365.19
2013-03-20,1361.62
2013-03-21,1356.26
2013-03-22,1356.83
2013-03-25,1349.52
2013-03-26,1358.13
2013-03-28,1365.38
2013-04-01,1366.24
2013-04-02,1378.32
2013-04-03,1363.09
2013-04-04,1339.32
2013-04-05,1339.3
2013-04-08,1339.28
2013-04-09,1323.87
2013-04-10,1332.14
2013-04-11,1340.05
2013-04-12,1314.67
2013-04-15,1313.84
2013-04-16,1331.28
2013-04-17,1335.06
2013-04-18,1345.34
2013-04-22,1342.52
2013-04-23,1345.34
2013-04-25,1354.05
2013-04-26,1347.37
2013-04-29,1361.11
2013-04-30,1388.37
2013-05-02,1398.74
2013-05-03,1400.9
2013-05-06,1412.61
2013-05-07,1426.01
2013-05-08,1429.17
2013-05-09,1425.95
2013-05-10,1433.48
2013-05-11,1438.71
2013-05-13,1409.51
2013-05-14,1413.64
2013-05-15,1429.41
2013-05-16,1424.23
2013-05-17,1424.72
2013-05-20,1420.36
2013-05-21,1417.59
2013-05-22,1423.65
2013-05-23,1406.63
2013-05-24,1403.65
2013-05-27,1424.99
2013-05-28,1432.22
2013-05-29,1437.08
2013-05-30,1442.16
2013-05-31,1425.01
2013-06-03,1417.85
2013-06-04,1416.01
2013-06-05,1411.77
2013-06-06,1410.18
2013-06-07,1408.47
2013-06-10,1408.32
2013-06-11,1390.48
2013-06-12,1375.14
2013-06-13,1364.19
2013-06-14,1380.57
2013-06-17,1391.22
2013-06-18,1389.39
2013-06-19,1392.61
2013-06-20,1368.57
2013-06-21,1371.28
2013-06-24,1352.26
2013-06-25,1354.91
2013-06-26,1356.76
2013-06-27,1381.06
2013-06-28,1403.57
2013-07-01,1407.83
2013-07-02,1407.03
2013-07-03,1398.15
2013-07-04,1424.9
2013-07-05,1427.32
2013-07-08,1428.22
2013-07-09,1437.41
2013-07-10,1437.29
2013-07-11,1460.72
2013-07-12,1482.64
2013-07-15,1494.86
2013-07-16,1500.82
2013-07-17,1526.0
2013-07-18,1538.36
2013-07-19,1550.82
2013-07-22,1556.49
2013-07-23,1562.4
2013-07-24,1562.72
2013-07-25,1540.0
2013-07-26,1535.55
2013-07-29,1526.02
2013-07-30,1513.77
2013-07-31,1523.4
2013-08-01,1518.19
2013-08-02,1513.29
2013-08-05,1516.36
2013-08-06,1490.06
2013-08-07,1471.48
2013-08-08,1481.27
2013-08-12,1509.41
2013-08-13,1521.87
2013-08-14,1527.59
2013-08-16,1484.08
2013-08-19,1462.02
2013-08-20,1452.82
2013-08-21,1416.93
2013-08-22,1450.82
2013-08-23,1459.9
2013-08-26,1473.45
2013-08-27,1441.53
2013-08-28,1451.61
2013-08-29,1479.11
2013-08-30,1502.3
2013-09-02,1521.14
2013-09-03,1478.36
2013-09-04,1505.94
2013-09-05,1505.04
2013-09-06,1515.72
2013-09-10,1576.33
2013-09-11,1578.6
2013-09-12,1561.24
2013-09-13,1554.35
2013-09-16,1544.17
2013-09-17,1560.76
2013-09-18,1566.79
2013-09-19,1603.26
2013-09-20,1597.4
2013-09-23,1591.29
2013-09-24,1585.33
2013-09-25,1586.64
2013-09-26,1587.27
2013-09-27,1582.53
2013-09-30,1571.19
2013-10-01,1574.07
2013-10-03,1602.01
2013-10-04,1601.88
2013-10-07,1609.6
2013-10-08,1612.06
2013-10-09,1630.24
2013-10-10,1631.76
2013-10-11,1640.58
2013-10-14,1649.64
2013-10-15,1650.42
2013-10-17,1635.15
2013-10-18,1655.93
2013-10-21,1654.06
2013-10-22,1660.63
2013-10-23,1647.62
2013-10-24,1632.49
2013-10-25,1630.58
2013-10-28,1613.94
2013-10-29,1639.19
2013-10-30,1650.1
2013-10-31,1651.91
2013-11-01,1648.67
2013-11-03,1653.76
2013-11-05,1630.51
2013-11-06,1632.86
2013-11-07,1637.78
2013-11-08,1628.15
2013-11-11,1619.33
2013-11-12,1614.81
2013-11-13,1608.72
2013-11-14,1607.81
2013-11-18,1629.78
2013-11-19,1627.14
2013-11-20,1610.77
2013-11-21,1583.66
2013-11-22,1580.8
2013-11-25,1600.38
2013-11-26,1589.43
2013-11-27,1588.22
2013-11-28,1593.71
2013-11-29,1610.75
2013-12-02,1621.2
2013-12-03,1616.73
2013-12-04,1608.05
2013-12-05,1603.26
2013-12-06,1611.51
2013-12-09,1627.0
2013-12-10,1640.47
2013-12-11,1640.61
2013-12-12,1622.08
2013-12-13,1608.54
2013-12-16,1608.53
2013-12-17,1613.17
2013-12-18,1630.32
2013-12-19,1634.14
2013-12-20,1656.27
2013-12-23,1654.92
2013-12-24,1654.36
2013-12-26,1654.58
2013-12-27,1666.23
2013-12-30,1660.72
2013-12-31,1664.53
2014-01-01,1665.96
2014-01-02,1650.93
2014-01-03,1662.6
2014-01-06,1661.88
2014-01-07,1655.82
2014-01-08,1663.03
2014-01-09,1664.22
2014-01-10,1673.79
2014-01-13,1687.96
2014-01-14,1681.22
2014-01-15,1696.12
2014-01-16,1700.73
2014-01-17,1681.11
2014-01-20,1700.37
2014-01-21,1692.57
2014-01-22,1698.15
2014-01-23,1698.82
2014-01-24,1686.71
2014-01-27,1671.76
2014-01-28,1660.65
2014-01-29,1670.64
2014-01-30,1664.75
2014-01-31,1671.51
2014-02-03,1658.67
2014-02-04,1649.67
2014-02-05,1654.28
2014-02-06,1666.88
2014-02-07,1673.99
2014-02-10,1673.69
2014-02-11,1674.64
2014-02-12,1671.9
2014-02-13,1657.62
2014-02-14,1664.33
2014-02-17,1667.2
2014-02-18,1671.02
2014-02-19,1682.56
2014-02-20,1672.23
2014-02-21,1690.96
2014-02-24,1697.56
2014-02-25,1706.96
2014-02-26,1719.16
2014-02-28,1731.83
2014-03-03,1712.71
2014-03-04,1720.57
2014-03-05,1724.39
2014-03-06,1735.42
2014-03-07,1731.02
2014-03-10,1714.58
2014-03-11,1710.11
2014-03-12,1723.2
2014-03-13,1702.56
2014-03-14,1704.78
2014-03-18,1713.88
2014-03-19,1712.11
2014-03-20,1715.73
2014-03-21,1719.85
2014-03-22,1722.05
2014-03-24,1730.61
2014-03-25,1731.09
2014-03-26,1721.69
2014-03-27,1729.33
2014-03-28,1741.92
2014-03-31,1749.71
2014-04-01,1756.95
2014-04-02,1751.32
2014-04-03,1760.77
2014-04-04,1748.24
2014-04-07,1754.01
2014-04-09,1765.9
2014-04-10,1757.38
2014-04-11,1767.36
2014-04-15,1773.23
2014-04-16,1755.26
2014-04-17,1777.91
2014-04-21,1771.99
2014-04-22,1769.84
2014-04-23,1768.88
2014-04-25,1749.1
2014-04-28,1744.43
2014-04-29,1735.63
2014-04-30,1732.17
2014-05-02,1738.88
2014-05-05,1734.21
2014-05-06,1730.42
2014-05-07,1709.59
2014-05-08,1707.31
2014-05-09,1731.99
2014-05-12,1761.24
2014-05-13,1787.43
2014-05-14,1796.08
2014-05-15,1788.83
2014-05-16,1772.96
2014-05-19,1734.91
2014-05-20,1746.18
2014-05-21,1749.47
2014-05-22,1758.76
2014-05-23,1768.24
2014-05-26,1767.45
2014-05-27,1765.15
2014-05-28,1777.59
2014-05-29,1754.32
2014-05-30,1770.08
2014-06-02,1773.95
2014-06-03,1784.57
2014-06-04,1780.93
2014-06-05,1802.38
2014-06-06,1815.24
2014-06-09,1838.12
2014-06-10,1858.66
2014-06-11,1863.46
2014-06-12,1872.32
2014-06-13,1859.17
2014-06-16,1871.14
2014-06-17,1882.56
2014-06-18,1865.09
2014-06-19,1878.99
2014-06-20,1875.11
2014-06-23,1860.04
2014-06-24,1870.16
2014-06-25,1879.26
2014-06-26,1876.24
2014-06-27,1895.82
2014-06-30,1918.56
2014-07-01,1920.02
2014-07-02,1939.22
2014-07-03,1941.87
2014-07-04,1947.0
2014-07-07,1968.31
2014-07-08,1939.58
2014-07-09,1925.92
2014-07-10,1917.92
2014-07-11,1923.64
2014-07-14,1910.56
2014-07-15,1912.98
2014-07-16,1921.65
2014-07-17,1930.54
2014-07-18,1937.6
2014-07-21,1943.97
2014-07-22,1964.49
2014-07-23,1976.4
2014-07-24,1985.95
2014-07-25,1992.25
2014-07-28,1995.6
2014-07-30,2010.81
2014-07-31,1997.8
2014-08-01,1974.49
2014-08-04,1999.44
2014-08-05,2016.85
2014-08-06,2006.45
2014-08-07,1998.08
2014-08-08,1988.59
2014-08-11,1992.65
2014-08-12,2005.03
2014-08-13,2021.16
2014-08-14,2025.81
2014-08-18,2029.78
2014-08-19,2034.42
2014-08-20,2039.99
2014-08-21,2045.74
2014-08-22,2048.56
2014-08-25,2062.93
2014-08-26,2070.02
2014-08-27,2081.92
2014-08-28,2079.09
2014-09-01,2092.82
2014-09-02,2108.26
2014-09-03,2122.11
2014-09-04,2124.5
2014-09-05,2126.45
2014-09-08,2153.04
2014-09-09,2148.16
2014-09-10,2126.69
2014-09-11,2119.71
2014-09-12,2126.12
2014-09-15,2114.07
2014-09-16,2099.31
2014-09-17,2116.97
2014-09-18,2148.79
2014-09-19,2158.55
2014-09-22,2161.04
2014-09-23,2142.33
2014-09-24,2153.59
2014-09-25,2147.42
2014-09-26,2151.23
2014-09-29,2161.37
2014-09-30,2172.45
2014-10-01,2177.35
2014-10-07,2156.88
2014-10-08,2126.54
2014-10-09,2143.28
2014-10-10,2127.48
2014-10-13,2131.46
2014-10-14,2120.63
2014-10-16,2099.04
2014-10-17,2073.64
2014-10-20,2092.61
2014-10-21,2100.04
2014-10-22,2124.3
2014-10-23,2129.45
2014-10-27,2114.96
2014-10-28,2124.82
2014-10-29,2148.73
2014-10-30,2170.54
2014-10-31,2204.83
2014-11-03,2199.4
2014-11-05,2211.87
2014-11-07,2223.77
2014-11-10,2239.26
2014-11-11,2235.6
2014-11-12,2244.69
2014-11-13,2245.91
2014-11-14,2249.6
2014-11-17,2260.17
2014-11-18,2250.36
2014-11-19,2241.91
2014-11-20,2249.56
2014-11-21,2251.55
2014-11-24,2261.67
2014-11-25,2241.44
2014-11-26,2246.21
2014-11-27,2257.85
2014-11-28,2274.75
2014-12-01,2293.18
2014-12-02,2276.62
2014-12-03,2282.65
2014-12-04,2292.32
2014-12-05,2274.91
2014-12-08,2249.96
2014-12-09,2233.72
2014-12-10,2231.65
2014-12-11,2220.27
2014-12-12,2213.49
2014-12-15,2191.43
2014-12-16,2168.58
2014-12-17,2146.47
2014-12-18,2177.17
2014-12-19,2185.0
2014-12-22,2206.42
2014-12-23,2193.87
2014-12-24,2167.89
2014-12-26,2175.14
2014-12-29,2198.56
2014-12-30,2199.81
2014-12-31,2209.06
2015-01-01,2208.4
2015-01-02,2231.17
2015-01-05,2229.8
2015-01-06,2178.03
2015-01-07,2172.27
2015-01-08,2210.45
2015-01-09,2241.32
2015-01-12,2254.06
2015-01-13,2257.55
2015-01-14,2265.22
2015-01-15,2294.35
2015-01-16,2304.93
2015-01-19,2308.19
2015-01-20,2329.61
2015-01-21,2336.78
2015-01-22,2354.19
2015-01-23,2368.57
2015-01-27,2369.14
2015-01-28,2379.56
2015-01-29,2394.93
2015-01-30,2376.79
2015-02-02,2372.06
2015-02-03,2379.73
2015-02-04,2371.81
2015-02-05,2387.69
2015-02-06,2372.52
2015-02-09,2355.44
2015-02-10,2358.87
2015-02-11,2376.39
2015-02-12,2393.44
2015-02-13,2424.41
2015-02-16,2432.66
2015-02-18,2454.33
2015-02-19,2456.3
2015-02-20,2448.18
2015-02-23,2428.59
2015-02-24,2436.53
2015-02-25,2438.75
2015-02-26,2408.44
2015-02-27,2440.86
2015-02-28,2444.28
2015-03-02,2452.78
2015-03-03,2467.46
2015-03-04,2458.85
2015-03-05,2463.82
2015-03-09,2440.4
2015-03-10,2434.58
2015-03-11,2426.11
2015-03-12,2447.14
2015-03-13,2413.72
2015-03-16,2415.35
2015-03-17,2434.15
2015-03-18,2415.14
2015-03-19,2413.48
2015-03-20,2396.21
2015-03-23,2390.33
2015-03-24,2385.17
2015-03-25,2391.12
2015-03-26,2345.18
2015-03-27,2338.71
2015-03-30,2376.57
2015-03-31,2386.27
2015-04-01,2400.72
2015-04-06,2436.76
2015-04-07,2439.61
2015-04-08,2470.33
2015-04-09,2469.43
2015-04-10,2474.58
2015-04-13,2489.13
2015-04-15,2459.12
2015-04-16,2433.1
2015-04-17,2392.49
2015-04-20,2356.19
2015-04-21,2318.08
2015-04-22,2322.56
2015-04-23,2311.14
2015-04-24,2294.9
2015-04-27,2271.65
2015-04-28,2278.64
2015-04-29,2272.54
2015-04-30,2252.45
2015-05-04,2289.8
2015-05-05,2293.38
2015-05-06,2236.74
2015-05-07,2245.44
2015-05-08,2276.82
2015-05-11,2307.08
2015-05-12,2268.06
2015-05-13,2280.65
2015-05-14,2274.49
2015-05-15,2283.79
2015-05-18,2310.12
2015-05-19,2308.42
2015-05-20,2319.86
2015-05-21,2332.65
2015-05-22,2350.23
2015-05-25,2326.01
2015-05-26,2317.38
2015-05-27,2294.74
2015-05-28,2301.87
2015-05-29,2330.89
2015-06-01,2317.54
2015-06-02,2270.83
2015-06-03,2248.23
2015-06-04,2241.66
2015-06-05,2242.64
2015-06-08,2225.13
2015-06-09,2211.18
2015-06-10,2237.76
2015-06-11,2200.24
2015-06-12,2185.77
2015-06-15,2199.58
2015-06-16,2210.7
2015-06-17,2226.61
2015-06-18,2246.98
2015-06-19,2250.77
2015-06-22,2281.51
2015-06-23,2282.43
2015-06-24,2282.94
2015-06-25,2278.32
2015-06-26,2295.3
2015-06-29,2273.21
2015-06-30,2295.2
2015-07-01,2314.77
2015-07-02,2308.93
2015-07-03,2315.08
2015-07-06,2327.82
2015-07-07,2332.88
2015-07-08,2296.76
2015-07-09,2275.74
2015-07-10,2276.64
2015-07-13,2308.44
2015-07-14,2316.21
2015-07-15,2339.58
2015-07-16,2354.46
2015-07-17,2362.7
2015-07-20,2365.58
2015-07-21,2342.14
2015-07-22,2355.18
2015-07-23,2345.9
2015-07-24,2332.64
2015-07-27,2303.11
2015-07-28,2290.71
2015-07-29,2305.17
2015-07-30,2315.96
2015-07-31,2353.16
2015-08-03,2351.73
2015-08-04,2352.53
2015-08-05,2379.12
2015-08-06,2383.39
2015-08-07,2379.73
2015-08-10,2370.12
2015-08-11,2361.65
2015-08-12,2361.62
2015-08-13,2365.91
2015-08-14,2389.98
2015-08-17,2384.79
2015-08-18,2389.16
2015-08-19,2409.96
2015-08-20,2393.59
2015-08-21,2387.69
2015-08-24,2266.16
2015-08-25,2282.76
2015-08-26,2268.97
2015-08-27,2304.37
2015-08-28,2317.6
2015-08-31,2321.81
2015-09-01,2283.85
2015-09-02,2284.43
2015-09-03,2303.2
2015-09-04,2261.2
2015-09-07,2227.78
2015-09-08,2235.77
2015-09-09,2267.92
2015-09-10,2259.77
2015-09-11,2263.41
2015-09-14,2281.92
2015-09-15,2280.88
2015-09-16,2293.7
2015-09-18,2302.26
2015-09-21,2296.87
2015-09-22,2269.07
2015-09-23,2270.21
2015-09-24,2294.09
2015-09-28,2270.99
2015-09-29,2270.56
2015-09-30,2314.08
2015-10-01,2320.26
2015-10-05,2339.12
2015-10-06,2354.87
2015-10-07,2351.58
2015-10-08,2340.6
2015-10-09,2350.89
2015-10-12,2330.72
2015-10-13,2329.1
2015-10-14,2310.78
2015-10-15,2334.61
2015-10-16,2343.81
2015-10-19,2358.37
2015-10-20,2362.24
2015-10-21,2356.4
2015-10-23,2363.8
2015-10-26,2360.3
2015-10-27,2363.34
2015-10-28,2364.87
2015-10-29,2349.24
2015-10-30,2333.12
2015-11-02,2334.24
2015-11-03,2334.59
2015-11-04,2334.96
2015-11-05,2313.97
2015-11-06,2300.13
2015-11-09,2296.52
2015-11-10,2254.26
2015-11-11,2266.3
2015-11-13,2241.31
2015-11-16,2239.16
2015-11-17,2254.79
2015-11-18,2235.5
2015-11-19,2259.09
2015-11-20,2263.77
2015-11-23,2261.64
2015-11-24,2251.72
2015-11-26,2264.55
2015-11-27,2267.46
2015-11-30,2266.24
2015-12-01,2281.76
2015-12-02,2280.62
2015-12-03,2259.24
2015-12-04,2245.82
2015-12-07,2240.2
2015-12-08,2229.06
2015-12-09,2203.4
2015-12-10,2217.89
2015-12-11,2209.09
2015-12-14,2224.4
2015-12-15,2238.38
2015-12-16,2245.58
2015-12-17,2269.63
2015-12-18,2245.96
2015-12-21,2257.7
2015-12-22,2243.03
2015-12-23,2262.01
2015-12-24,2264.23
2015-12-28,2287.51
2015-12-29,2284.26
2015-12-30,2273.34
2015-12-31,2287.41
2016-01-01,2290.35
2016-01-04,2254.53
2016-01-05,2251.03
2016-01-06,2232.5
2016-01-07,2184.41
2016-01-08,2198.59
2016-01-11,2182.62
2016-01-12,2176.66
2016-01-13,2187.73
2016-01-14,2198.59
2016-01-15,2180.93
2016-01-18,2166.17
2016-01-19,2173.32
2016-01-20,2146.12
2016-01-21,2119.97
2016-01-22,2155.39
2016-01-25,2161.47
2016-01-27,2166.8
2016-01-28,2174.92
2016-01-29,2222.91
2016-02-01,2229.17
2016-02-02,2202.91
2016-02-03,2185.61
2016-02-04,2200.04
2016-02-05,2229.07
2016-02-08,2192.13
2016-02-09,2153.11
2016-02-10,2135.95
2016-02-11,2074.96
2016-02-12,2085.04
2016-02-15,2127.02
2016-02-16,2092.06
2016-02-17,2114.88
2016-02-18,2145.67
2016-02-19,2146.99
2016-02-22,2155.4
2016-02-23,2123.26
2016-02-24,2094.51
2016-02-25,2085.01
2016-02-26,2095.06
2016-02-29,2071.66
2016-03-01,2145.82
2016-03-02,2163.31
2016-03-03,2194.92
2016-03-04,2191.63
2016-03-08,2190.73
2016-03-09,2199.35
2016-03-10,2190.31
2016-03-11,2204.76
2016-03-14,2217.92
2016-03-15,2179.45
2016-03-16,2186.44
2016-03-17,2195.44
2016-03-18,2211.0
2016-03-21,2234.75
2016-03-22,2230.71
2016-03-23,2234.06
2016-03-28,2203.91
2016-03-29,2195.35
2016-03-30,2234.5
2016-03-31,2243.69
2016-04-01,2232.19
2016-04-04,2246.59
2016-04-05,2211.82
2016-04-06,2217.34
2016-04-07,2200.24
2016-04-08,2195.31
2016-04-11,2230.38
2016-04-12,2240.73
2016-04-13,2274.67
2016-04-18,2298.61
2016-04-20,2293.53
2016-04-21,2283.25
2016-04-22,2275.14
2016-04-25,2264.55
2016-04-26,2289.94
2016-04-27,2301.16
2016-04-28,2261.79
2016-04-29,2261.78
2016-05-02,2257.43
2016-05-03,2226.6
2016-05-04,2212.04
2016-05-05,2224.19
2016-05-06,2223.6
2016-05-09,2245.43
2016-05-10,2247.33
2016-05-11,2231.44
2016-05-12,2250.97
2016-05-13,2239.79
2016-05-16,2259.41
2016-05-17,2269.51
2016-05-18,2262.74
2016-05-19,2250.89
2016-05-20,2239.31
2016-05-23,2235.37
2016-05-24,2232.9
2016-05-25,2281.74
2016-05-26,2300.45
2016-05-27,2329.76
2016-05-30,2350.39
2016-05-31,2338.92
2016-06-01,2355.72
2016-06-02,2360.35
2016-06-03,2358.89
2016-06-06,2352.28
2016-06-07,2369.1
2016-06-08,2366.41
2016-06-09,2344.26
2016-06-10,2329.67
2016-06-13,2327.07
2016-06-14,2326.58
2016-06-15,2348.6
2016-06-16,2341.58
2016-06-17,2350.89
2016-06-20,2374.9
2016-06-21,2371.58
2016-06-22,2369.76
2016-06-23,2390.44
2016-06-24,2344.3
2016-06-27,2340.65
2016-06-28,2347.14
2016-06-29,2364.38
2016-06-30,2387.57
2016-07-01,2395.83
2016-07-04,2402.34
2016-07-05,2390.72
2016-07-07,2388.24
2016-07-08,2393.38
2016-07-11,2431.54
2016-07-12,2431.35
2016-07-13,2431.89
2016-07-14,2440.96
2016-07-15,2415.56
2016-07-18,2416.37
2016-07-19,2425.79
2016-07-20,2439.17
2016-07-21,2437.58
2016-07-22,2442.76
2016-07-25,2466.6
2016-07-26,2448.93
2016-07-27,2447.24
2016-07-28,2474.46
2016-07-29,2475.32
2016-08-01,2498.47
2016-08-02,2502.8
2016-08-03,2476.57
2016-08-04,2486.01
2016-08-05,2509.17
2016-08-08,2520.76
2016-08-09,2510.71
2016-08-10,2483.95
2016-08-11,2498.39
2016-08-12,2503.37
2016-08-16,2488.96
2016-08-17,2482.24
2016-08-18,2477.6
2016-08-19,2470.61
2016-08-22,2456.79
2016-08-23,2460.49
2016-08-24,2462.49
2016-08-25,2451.62
2016-08-26,2443.06
2016-08-29,2443.46
2016-08-30,2488.16
2016-08-31,2491.1
2016-09-01,2494.87
2016-09-02,2506.08
2016-09-06,2540.72
2016-09-07,2534.23
2016-09-08,2535.89
2016-09-09,2515.19
2016-09-12,2482.14
2016-09-14,2481.78
2016-09-15,2486.38
2016-09-16,2500.32
2016-09-19,2508.78
2016-09-20,2497.91
2016-09-21,2498.19
2016-09-22,2506.86
2016-09-23,2498.61
2016-09-26,2476.39
2016-09-27,2479.09
2016-09-28,2483.09
2016-09-29,2442.22
2016-09-30,2446.8
2016-10-03,2477.25
2016-10-04,2484.63
2016-10-05,2487.3
2016-10-06,2474.54
2016-10-07,2470.43
2016-10-10,2482.87
2016-10-13,2457.2
2016-10-14,2455.23
2016-10-17,2432.19
2016-10-18,2467.46
2016-10-19,2461.58
2016-10-20,2458.45
2016-10-21,2470.93
2016-10-24,2473.51
2016-10-25,2466.2
2016-10-26,2451.73
2016-10-27,2438.53
2016-10-28,2451.62
2016-10-30,2454.13
2016-11-01,2445.13
2016-11-02,2412.17
2016-11-03,2400.35
2016-11-04,2389.64
2016-11-07,2405.68
2016-11-08,2417.97
2016-11-09,2375.37
2016-11-10,2372.96
2016-11-11,2307.75
2016-11-15,2265.21
2016-11-16,2277.26
2016-11-17,2259.44
2016-11-18,2259.13
2016-11-21,2229.77
2016-11-22,2254.25
2016-11-23,2272.49
2016-11-24,2267.91
2016-11-25,2324.74
2016-11-28,2333.21
2016-11-29,2341.4
2016-11-30,2358.84
2016-12-01,2356.0
2016-12-02,2321.9
2016-12-05,2336.52
2016-12-06,2327.1
2016-12-07,2311.49
2016-12-08,2352.44
2016-12-09,2350.57
2016-12-12,2323.17
2016-12-13,2337.03
2016-12-14,2326.68
2016-12-15,2316.77
2016-12-16,2314.53
2016-12-19,2303.41
2016-12-20,2303.76
2016-12-21,2290.41
2016-12-22,2272.67
2016-12-23,2265.97
2016-12-26,2247.44
2016-12-27,2287.22
2016-12-28,2295.04
2016-12-29,2313.88
2016-12-30,2337.6
2017-01-02,2345.74
2017-01-03,2352.79
2017-01-04,2363.89
2017-01-05,2377.89
2017-01-06,2355.05
2017-01-09,2352.53
2017-01-10,2365.3
2017-01-11,2382.69
2017-01-12,2384.32
2017-01-13,2373.88
2017-01-16,2367.2
2017-01-17,2375.99
2017-01-18,2380.34
2017-01-19,2385.28
2017-01-20,2372.41
2017-01-23,2386.5
2017-01-24,2400.81
2017-01-25,2420.2
2017-01-27,2415.25
2017-01-30,2412.72
2017-01-31,2378.01
2017-02-01,2404.35
2017-02-02,2428.5
2017-02-03,2434.86
2017-02-06,2452.37
2017-02-07,2445.59
2017-02-08,2447.53
2017-02-09,2461.85
2017-02-10,2469.97
2017-02-13,2469.56
2017-02-14,2457.02
2017-02-15,2437.36
2017-02-16,2461.14
2017-02-17,2459.01
2017-02-20,2482.52
2017-02-21,2485.19
2017-02-22,2474.61
2017-02-23,2485.93
2017-02-27,2483.17
2017-02-28,2476.15
2017-03-01,2495.54
2017-03-02,2482.94
2017-03-03,2485.65
2017-03-06,2491.87
2017-03-07,2487.99
2017-03-08,2480.02
2017-03-09,2480.57
2017-03-10,2481.75
2017-03-14,2524.41
2017-03-15,2513.36
2017-03-16,2535.69
2017-03-17,2551.31
2017-03-20,2543.66
2017-03-21,2539.41
2017-03-22,2523.48
2017-03-23,2533.51
2017-03-24,2529.6
2017-03-27,2510.43
2017-03-28,2520.32
2017-03-29,2527.65
2017-03-30,2528.4
2017-03-31,2527.93
2017-04-03,2528.62
2017-04-05,2531.83
2017-04-06,2526.36
2017-04-07,2513.22
2017-04-10,2508.23
2017-04-11,2526.76
2017-04-12,2524.09
2017-04-13,2501.37
2017-04-17,2488.14
2017-04-18,2472.63
2017-04-19,2473.83
2017-04-20,2485.88
2017-04-21,2470.01
2017-04-24,2484.06
2017-04-25,2506.52
2017-04-26,2511.76
2017-04-27,2503.29
2017-04-28,2496.82
2017-05-02,2503.89
2017-05-03,2511.74
2017-05-04,2521.43
2017-05-05,2508.95
2017-05-08,2521.21
2017-05-09,2519.77
2017-05-10,2540.53
2017-05-11,2555.54
2017-05-12,2562.25
2017-05-15,2569.71
2017-05-16,2595.42
2017-05-17,2594.5
2017-05-18,2581.81
2017-05-19,2578.2
2017-05-22,2582.34
2017-05-23,2566.91
2017-05-24,2556.23
2017-05-25,2580.55
2017-05-26,2593.17
2017-05-29,2583.33
2017-05-30,2589.86
2017-05-31,2588.38
2017-06-01,2603.03
2017-06-02,2615.84
2017-06-05,2629.69
2017-06-06,2634.84
2017-06-07,2632.88
2017-06-08,2621.14
2017-06-09,2614.86
2017-06-12,2612.31
2017-06-13,2607.38
2017-06-14,2606.5
2017-06-15,2594.63
2017-06-16,2582.83
2017-06-19,2588.48
2017-06-20,2586.58
2017-06-21,2585.3
2017-06-22,2578.14
2017-06-23,2564.82
2017-06-27,2549.92
2017-06-28,2549.36
2017-06-29,2549.87
2017-06-30,2574.48
2017-07-03,2614.3
2017-07-04,2605.26
2017-07-05,2602.51
2017-07-06,2610.63
2017-07-07,2602.63
2017-07-10,2638.78
2017-07-11,2647.19
2017-07-12,2647.6
2017-07-13,2666.35
2017-07-14,2655.44
2017-07-17,2655.07
2017-07-18,2630.57
2017-07-19,2657.11
2017-07-20,2640.23
2017-07-21,2657.03
2017-07-24,2668.68
2017-07-25,2661.5
2017-07-26,2671.19
2017-07-27,2647.42
2017-07-28,2646.03
2017-07-31,2644.93
2017-08-01,2663.37
2017-08-02,2650.01
2017-08-03,2635.86
2017-08-04,2661.65
2017-08-07,2662.02
2017-08-08,2637.33
2017-08-09,2613.78
2017-08-10,2591.0
2017-08-11,2576.31
2017-08-14,2594.43
2017-08-16,2626.32
2017-08-17,2634.95
2017-08-18,2614.34
2017-08-21,2584.19
2017-08-22,2585.2
2017-08-23,2591.28
2017-08-24,2603.32
2017-08-28,2624.16
2017-08-29,2600.26
2017-08-30,2618.34
2017-08-31,2631.58
2017-09-01,2655.42
2017-09-04,2643.86
2017-09-05,2657.51
2017-09-06,2639.7
2017-09-07,2646.44
2017-09-08,2640.09
2017-09-11,2651.57
2017-09-12,2680.34
2017-09-13,2670.26
2017-09-14,2675.01
2017-09-15,2684.44
2017-09-18,2704.43
2017-09-19,2702.59
2017-09-20,2695.26
2017-09-21,2699.38
2017-09-22,2670.88
2017-09-25,2650.25
2017-09-26,2638.84
2017-09-27,2610.31
2017-09-28,2616.42
2017-09-29,2617.24
2017-10-03,2634.35
2017-10-04,2646.23
2017-10-05,2637.23
2017-10-06,2664.06
2017-10-09,2672.17
2017-10-10,2678.0
2017-10-11,2676.77
2017-10-12,2705.08
2017-10-13,2708.06
2017-10-16,2727.88
2017-10-17,2732.97
2017-10-18,2721.5
2017-10-19,2711.83
2017-10-23,2720.62
2017-10-24,2716.15
2017-10-25,2716.18
2017-10-26,2724.97
2017-10-27,2733.98
2017-10-30,2743.06
2017-10-31,2745.28
2017-11-01,2749.04
2017-11-02,2753.33
2017-11-03,2742.62
2017-11-06,2757.19
2017-11-07,2749.67
2017-11-08,2753.53
2017-11-09,2756.37
2017-11-10,2757.99
2017-11-13,2744.33
2017-11-14,2735.2
2017-11-15,2721.29
2017-11-16,2743.75
2017-11-17,2744.68
2017-11-20,2744.61
2017-11-21,2754.62
2017-11-22,2752.76
2017-11-23,2759.55
2017-11-24,2776.99
2017-11-27,2776.36
2017-11-28,2773.22
2017-11-29,2772.72
2017-11-30,2754.07
2017-12-01,2720.39
2017-12-04,2727.8
2017-12-05,2716.05
2017-12-06,2709.56
2017-12-07,2745.11
2017-12-08,2773.63
2017-12-11,2796.68
2017-12-12,2774.39
2017-12-13,2765.35
2017-12-14,2774.38
2017-12-15,2793.3
2017-12-18,2810.98
2017-12-19,2839.83
2017-12-20,2841.99
2017-12-21,2842.68
2017-12-22,2859.5
2017-12-26,2866.68
2017-12-27,2866.06
2017-12-28,2857.45
2017-12-29,2885.87
2018-01-01,2863.56
2018-01-02,2850.52
2018-01-03,2845.14
2018-01-04,2857.14
2018-01-05,2872.5
2018-01-08,2903.36
2018-01-09,2907.7
2018-01-10,2920.32
2018-01-11,2930.79
2018-01-12,2928.35
2018-01-15,2915.23
2018-01-16,2926.51
2018-01-17,2951.01
2018-01-18,2947.75
2018-01-19,2956.76
2018-01-22,2978.66
2018-01-23,3006.33
2018-01-24,3025.79
2018-01-25,3001.05
2018-01-29,3018.47
2018-01-30,3000.24
2018-01-31,2957.41
2018-02-01,2944.72
2018-02-02,2907.13
2018-02-05,2899.7
2018-02-06,2836.91
2018-02-07,2836.83
2018-02-08,2871.39
2018-02-09,2852.99
2018-02-12,2866.14
2018-02-14,2849.84
2018-02-15,2862.72
2018-02-16,2845.67
2018-02-19,2816.28
2018-02-20,2820.86
2018-02-21,2837.28
2018-02-22,2828.54
2018-02-23,2850.67
2018-02-26,2850.89
2018-02-27,2851.41
2018-02-28,2848.06
2018-03-01,2844.01
2018-03-05,2830.29
2018-03-06,2804.04
2018-03-07,2803.96
2018-03-08,2809.47
2018-03-09,2813.58
2018-03-12,2857.56
2018-03-13,2853.31
2018-03-14,2853.02
2018-03-15,2848.35
2018-03-16,2814.17
2018-03-19,2784.65
2018-03-20,2808.31
2018-03-21,2809.29
2018-03-22,2788.17
2018-03-23,2774.99
2018-03-26,2791.39
2018-03-27,2807.71
2018-03-28,2798.75
2018-04-02,2837.19
2018-04-03,2836.96
2018-04-04,2818.42
2018-04-05,2857.31
2018-04-06,2862.15
2018-04-09,2872.12
2018-04-10,2871.09
2018-04-11,2882.97
2018-04-12,2905.06
2018-04-13,2908.08
2018-04-16,2920.71
2018-04-17,2922.88
2018-04-18,2922.56
2018-04-19,2924.12
2018-04-20,2966.76
2018-04-23,2976.47
2018-04-24,2961.03
2018-04-25,2961.18
2018-04-26,2979.56
2018-04-27,2973.08
2018-04-30,2998.48
2018-05-02,2972.86
2018-05-03,2943.96
2018-05-04,2918.68
2018-05-07,2934.7
2018-05-08,2933.45
2018-05-09,2933.49
2018-05-10,2918.57
2018-05-11,2935.83
2018-05-14,2933.31
2018-05-15,2937.92
2018-05-16,2950.22
2018-05-17,2938.74
2018-05-18,2931.92
2018-05-21,2910.05
2018-05-22,2925.52
2018-05-23,2896.55
2018-05-24,2919.35
2018-05-25,2943.64
2018-05-28,2963.57
2018-05-29,2958.83
2018-05-30,2947.62
2018-05-31,2956.91
2018-06-01,2953.85
2018-06-04,2947.07
2018-06-05,2924.64
2018-06-06,2952.06
2018-06-07,2976.89
2018-06-08,2988.14
2018-06-11,2996.87
2018-06-12,3018.57
2018-06-13,3033.71
2018-06-14,3025.64
2018-06-15,3050.19
2018-06-18,3043.08
2018-06-19,3016.68
2018-06-20,3013.95
2018-06-21,2998.62
2018-06-22,3012.6
2018-06-25,3001.81
2018-06-26,3019.77
2018-06-27,3004.83
2018-06-28,2975.79
2018-06-29,3010.22
2018-07-02,3012.06
2018-07-03,3037.93
2018-07-04,3053.63
2018-07-05,3052.33
2018-07-06,3058.38
2018-07-09,3078.78
2018-07-10,3097.17
2018-07-11,3108.4
2018-07-12,3107.45
2018-07-13,3107.63
2018-07-16,3087.74
2018-07-17,3096.09
2018-07-18,3093.94
2018-07-19,3096.14
2018-07-20,3098.08
2018-07-23,3117.98
2018-07-24,3134.32
2018-07-25,3124.34
2018-07-26,3112.75
2018-07-27,3140.14
2018-07-30,3139.9
2018-07-31,3175.17
2018-08-01,3176.25
2018-08-02,3152.88
2018-08-03,3175.29
2018-08-06,3176.3
2018-08-07,3194.3
2018-08-08,3201.56
2018-08-09,3202.35
2018-08-10,3208.48
2018-08-13,3191.62
2018-08-14,3216.97
2018-08-16,3216.08
2018-08-17,3240.12
2018-08-20,3244.52
2018-08-21,3256.66
2018-08-23,3279.88
2018-08-24,3255.27
2018-08-27,3279.05
2018-08-28,3275.7
2018-08-29,3264.99
2018-08-30,3263.42
2018-08-31,3271.21
2018-09-03,3239.7
2018-09-04,3185.34
2018-09-05,3171.74
2018-09-06,3170.29
2018-09-07,3191.35
2018-09-10,3144.21
2018-09-11,3091.46
2018-09-12,3117.87
2018-09-14,3152.31
2018-09-17,3124.67
2018-09-18,3110.52
2018-09-19,3089.39
2018-09-21,3027.74
2018-09-24,2975.12
2018-09-25,2999.06
2018-09-26,2982.84
2018-09-27,2965.39
2018-09-28,2928.1
2018-10-01,2976.75
2018-10-03,2937.5
2018-10-04,2860.71
2018-10-05,2819.49
2018-10-08,2820.74
2018-10-09,2786.06
2018-10-10,2848.92
2018-10-11,2802.03
2018-10-12,2867.94
2018-10-15,2872.8
2018-10-16,2887.12
2018-10-17,2841.35
2018-10-19,2813.16
2018-10-22,2811.89
2018-10-23,2777.48
2018-10-24,2794.49
2018-10-25,2782.78
2018-10-26,2763.0
2018-10-29,2802.72
2018-10-30,2806.94
2018-10-31,2849.81
2018-11-01,2844.16
2018-11-02,2877.75
2018-11-05,2874.15
2018-11-06,2870.02
2018-11-07,2890.11
2018-11-09,2907.33
2018-11-12,2880.07
2018-11-13,2904.14
2018-11-14,2914.43
2018-11-15,2930.18
2018-11-16,2938.35
2018-11-19,2961.64
2018-11-20,2931.91
2018-11-21,2929.7
2018-11-22,2913.35
2018-11-26,2955.51
2018-11-27,2964.48
2018-11-28,2958.74
2018-11-29,2979.64
2018-11-30,2983.53
2018-12-03,3003.67
2018-12-04,3002.21
2018-12-05,2983.37
2018-12-06,2929.8
2018-12-07,2952.53
2018-12-10,2906.33
2018-12-11,2946.37
2018-12-12,3010.0
2018-12-13,3029.13
2018-12-14,3040.75
2018-12-17,3050.57
2018-12-18,3057.34
2018-12-19,3081.69
2018-12-20,3078.63
2018-12-21,3024.98
2018-12-24,2987.74
2018-12-26,2988.57
2018-12-27,3004.96
2018-12-28,3023.78
2018-12-31,3028.92
2019-01-01,3030.62
2019-01-02,3000.19
2019-01-03,2986.42
2019-01-04,2984.63
2019-01-07,2990.75
2019-01-08,2990.11
2019-01-09,2996.68
2019-01-10,2999.12
2019-01-11,2986.43
2019-01-14,2989.59
2019-01-15,3026.84
2019-01-16,3022.06
2019-01-17,3020.95
2019-01-18,3011.22
2019-01-21,3003.43
2019-01-22,3002.86
2019-01-23,2984.41
2019-01-24,2998.62
2019-01-25,2973.27
2019-01-28,2937.93
2019-01-29,2943.31
2019-01-30,2942.19
2019-01-31,2972.19
2019-02-01,3019.14
2019-02-04,3013.54
2019-02-05,3022.78
2019-02-06,3055.03
2019-02-07,3076.8
2019-02-08,3041.42
2019-02-11,3040.81
2019-02-12,3021.23
2019-02-13,2992.21
2019-02-14,3011.37
2019-02-15,2990.18
2019-02-18,2961.43
2019-02-19,2943.19
2019-02-20,2969.68
2019-02-21,2974.76
2019-02-22,2989.08
2019-02-25,3020.43
2019-02-26,3016.69
2019-02-27,3013.96
2019-02-28,3011.71
2019-03-01,3028.91
2019-03-05,3065.65
2019-03-06,3067.97
2019-03-07,3054.89
2019-03-08,3052.3
2019-03-11,3095.42
2019-03-12,3110.95
2019-03-13,3131.13
2019-03-14,3131.16
2019-03-15,3132.21
2019-03-18,3134.3
2019-03-19,3142.2
2019-03-20,3130.67
2019-03-22,3120.42
2019-03-25,3099.25
2019-03-26,3129.25
2019-03-27,3137.63
2019-03-28,3169.76
2019-03-29,3176.67
2019-04-01,3176.53
2019-04-02,3187.74
2019-04-03,3181.69
2019-04-04,3173.68
2019-04-05,3184.76
2019-04-08,3166.41
2019-04-09,3183.66
2019-04-10,3159.97
2019-04-11,3165.5
2019-04-12,3179.56
2019-04-15,3196.8
2019-04-16,3223.16
2019-04-18,3203.79
2019-04-22,3165.75
2019-04-23,3151.2
2019-04-24,3184.98
2019-04-25,3161.32
2019-04-26,3171.3
2019-04-30,3126.86
2019-05-02,3108.09
2019-05-03,3089.08
2019-05-06,3048.32
2019-05-07,3038.76
2019-05-08,3011.81
2019-05-09,3021.94
2019-05-10,2998.58
2019-05-13,2971.05
2019-05-14,2970.18
2019-05-15,2960.05
2019-05-16,2975.38
2019-05-17,3027.96
2019-05-20,3111.98
2019-05-21,3081.0
2019-05-22,3094.51
2019-05-23,3079.4
2019-05-24,3118.2
2019-05-27,3126.55
2019-05-28,3131.41
2019-05-29,3126.62
2019-05-30,3135.5
2019-05-31,3144.17
2019-06-03,3208.04
2019-06-04,3184.92
2019-06-06,3158.58
2019-06-07,3156.35
2019-06-10,3174.23
2019-06-11,3190.01
2019-06-12,3171.56
2019-06-13,3151.99
2019-06-14,3117.81
2019-06-17,3088.6
2019-06-18,3089.18
2019-06-19,3080.95
2019-06-20,3122.78
2019-06-21,3093.23
2019-06-24,3093.17
2019-06-25,3102.57
2019-06-26,3103.83
2019-06-27,3106.57
2019-06-28,3093.73
2019-07-01,3105.46
2019-07-02,3122.12
2019-07-03,3125.75
2019-07-04,3133.0
2019-07-05,3105.0
2019-07-08,3033.69
2019-07-09,3013.66
2019-07-10,2992.52
2019-07-11,3017.94
2019-07-12,3011.46
2019-07-15,3016.66
2019-07-16,3035.24
2019-07-17,3051.49
2019-07-18,3023.33
2019-07-19,2969.37
2019-07-22,2963.31
2019-07-23,2965.9
2019-07-24,2937.93
2019-07-25,2940.09
2019-07-26,2967.01
2019-07-29,2929.48
2019-07-30,2896.83
2019-07-31,2925.76
2019-08-01,2905.34
2019-08-02,2917.78
2019-08-05,2905.29
2019-08-06,2945.12
2019-08-07,2926.22
2019-08-08,2981.73
2019-08-09,3009.5
2019-08-13,2955.42
2019-08-14,2968.67
2019-08-16,2981.82
2019-08-19,2978.52
2019-08-20,2980.54
2019-08-21,2957.54
2019-08-22,2933.13
2019-08-23,2945.5
2019-08-26,2984.64
2019-08-27,2997.71
2019-08-28,2990.23
2019-08-29,2988.16
2019-08-30,3018.26
2019-09-03,2974.13
2019-09-04,2959.71
2019-09-05,2974.84
2019-09-06,2998.41
2019-09-09,3009.71
2019-09-11,3020.64
2019-09-12,3005.31
2019-09-13,3026.19
2019-09-16,3034.18
2019-09-17,2989.36
2019-09-18,2992.05
2019-09-19,2963.33
2019-09-20,3135.83
2019-09-23,3222.74
2019-09-24,3223.93
2019-09-25,3179.9
2019-09-26,3209.93
2019-09-27,3193.87
2019-09-30,3170.03
2019-10-01,3142.54
2019-10-03,3121.16
2019-10-04,3082.78
2019-10-07,3061.4
2019-10-09,3087.32
2019-10-10,3061.51
2019-10-11,3083.74
2019-10-14,3096.29
2019-10-15,3128.42
2019-10-16,3130.24
2019-10-17,3176.72
2019-10-18,3202.49
2019-10-22,3171.13
2019-10-23,3194.98
2019-10-24,3192.19
2019-10-25,3182.61
2019-10-27,3188.91
2019-10-29,3237.65
2019-10-30,3245.55
2019-10-31,3260.55
2019-11-01,3258.12
2019-11-04,3254.08
2019-11-05,3254.05
2019-11-06,3245.2
2019-11-07,3266.07
2019-11-08,3235.23
2019-11-11,3221.94
2019-11-13,3205.26
2019-11-14,3200.75
2019-11-15,3184.02
2019-11-18,3168.27
2019-11-19,3160.06
2019-11-20,3178.87
2019-11-21,3164.45
2019-11-22,3139.88
2019-11-25,3181.66
2019-11-26,3163.45
2019-11-27,3191.4
2019-11-28,3203.99
2019-11-29,3180.78
2019-12-02,3162.69
2019-12-03,3152.66
2019-12-04,3160.14
2019-12-05,3154.13
2019-12-06,3127.33
2019-12-09,3118.37
2019-12-10,3096.13
2019-12-11,3109.39
2019-12-12,3121.33
2019-12-13,3149.12
2019-12-16,3134.84
2019-12-17,3155.96
2019-12-18,3176.26
2019-12-19,3185.72
2019-12-20,3195.22
2019-12-23,3201.22
2019-12-24,3191.84
2019-12-26,3181.03
2019-12-27,3206.91
2019-12-30,3221.07
2019-12-31,3201.49
2020-01-01,3202.81
2020-01-02,3204.65
2020-01-03,3195.88
2020-01-06,3140.53
2020-01-07,3147.64
2020-01-08,3139.22
2020-01-09,3172.95
2020-01-10,3193.77
2020-01-13,3222.66
2020-01-14,3250.9
2020-01-15,3259.67
2020-01-16,3267.3
2020-01-17,3267.81
2020-01-20,3240.18
2020-01-21,3216.88
2020-01-22,3204.88
2020-01-23,3221.68
2020-01-24,3253.93
2020-01-27,3235.2
2020-01-28,3214.57
2020-01-29,3245.7
2020-01-30,3203.46
2020-01-31,3176.64
2020-02-01,3126.26
2020-02-03,3165.57
2020-02-04,3218.44
2020-02-05,3224.14
2020-02-06,3232.01
2020-02-07,3240.26
2020-02-10,3218.34
2020-02-11,3228.12
2020-02-12,3252.29
2020-02-13,3246.64
2020-02-14,3214.66
2020-02-17,3199.78
2020-02-18,3190.35
2020-02-19,3233.35
2020-02-20,3225.23
2020-02-24,3164.59
2020-02-25,3159.58
2020-02-26,3129.7
2020-02-27,3125.26
2020-02-28,3018.34
2020-03-02,3016.77
2020-03-03,3068.45
2020-03-04,3068.43
2020-03-05,3090.77
2020-03-06,3038.46
2020-03-09,2914.15
2020-03-11,2912.22
2020-03-12,2704.94
2020-03-13,2725.71
2020-03-16,2561.93
2020-03-17,2558.55
2020-03-18,2428.89
2020-03-19,2347.1
2020-03-20,2489.65
2020-03-23,2212.31
2020-03-24,2284.07
2020-03-25,2358.86
2020-03-26,2458.12
2020-03-27,2440.3
2020-03-30,2395.94
2020-03-31,2482.79
2020-04-01,2407.99
2020-04-03,2354.35
2020-04-07,2552.34
2020-04-08,2558.23
2020-04-09,2632.03
2020-04-13,2596.41
2020-04-15,2641.41
2020-04-16,2642.66
2020-04-17,2661.7
2020-04-20,2647.74
2020-04-21,2608.23
2020-04-22,2671.68
2020-04-23,2684.02
2020-04-24,2649.32
2020-04-27,2693.82
2020-04-28,2682.22
2020-04-29,2697.13
2020-04-30,2770.51
2020-05-04,2623.95
2020-05-05,2587.84
2020-05-06,2589.77
2020-05-07,2551.08
2020-05-08,2572.12
2020-05-11,2593.18
2020-05-12,2593.65
2020-05-13,2617.98
2020-05-14,2593.15
2020-05-15,2586.09
2020-05-18,2523.85
2020-05-19,2533.71
2020-05-20,2568.03
2020-05-21,2601.68
2020-05-22,2597.93
2020-05-26,2605.76
2020-05-27,2639.59
2020-05-28,2692.73
2020-05-29,2755.65
2020-06-01,2811.2
2020-06-02,2822.95
2020-06-03,2841.66
2020-06-04,2833.95
2020-06-05,2842.34
2020-06-08,2854.12
2020-06-09,2840.72
2020-06-10,2836.37
2020-06-11,2790.0
2020-06-12,2800.94
2020-06-15,2760.71
2020-06-16,2771.11
2020-06-17,2771.41
2020-06-18,2795.27
2020-06-19,2820.73
2020-06-22,2861.37
2020-06-23,2907.26
2020-06-24,2902.09
2020-06-25,2903.26
2020-06-26,2920.07
2020-06-29,2901.09
2020-06-30,2905.99
2020-07-01,2914.24
2020-07-02,2950.9
2020-07-03,2972.42
2020-07-06,3001.32
2020-07-07,3033.97
2020-07-08,3003.11
2020-07-09,3008.33
2020-07-10,3002.36
2020-07-13,3025.76
2020-07-14,2983.87
2020-07-15,3005.6
2020-07-16,3037.43
2020-07-17,3068.41
2020-07-20,3115.96
2020-07-21,3104.05
2020-07-22,3080.39
2020-07-23,3098.9
2020-07-24,3094.73
2020-07-27,3090.23
2020-07-28,3130.02
2020-07-29,3121.17
2020-07-30,3106.96
2020-07-31,3116.59
2020-08-03,3089.84
2020-08-04,3102.15
2020-08-05,3107.75
2020-08-06,3141.85
2020-08-07,3160.92
2020-08-10,3153.83
2020-08-11,3152.7
2020-08-12,3162.57
2020-08-13,3166.02
2020-08-14,3131.3
2020-08-17,3176.65
2020-08-18,3203.09
2020-08-19,3196.42
2020-08-20,3192.87
2020-08-21,3221.39
2020-08-24,3234.91
2020-08-25,3240.71
2020-08-26,3254.94
2020-08-27,3252.43
2020-08-28,3245.88
2020-08-31,3161.73
2020-09-01,3187.14
2020-09-02,3201.46
2020-09-03,3228.9
2020-09-04,3186.04
2020-09-07,3193.83
2020-09-08,3189.37
2020-09-09,3182.37
2020-09-10,3202.75
2020-09-11,3218.69
2020-09-14,3248.59
2020-09-15,3255.32
2020-09-16,3273.44
2020-09-17,3262.29
2020-09-18,3256.11
2020-09-21,3182.39
2020-09-22,3160.2
2020-09-23,3163.72
2020-09-24,3086.47
2020-09-25,3164.87
2020-09-28,3221.23
2020-09-29,3207.32
2020-09-30,3229.26
2020-10-01,3273.92
2020-10-05,3300.31
2020-10-06,3319.43
2020-10-07,3338.63
2020-10-08,3362.15
2020-10-09,3363.94
2020-10-12,3363.52
2020-10-13,3362.51
2020-10-14,3357.84
2020-10-15,3301.29
2020-10-16,3314.65
2020-10-19,3335.83
2020-10-20,3352.55
2020-10-21,3333.53
2020-10-22,3320.57
2020-10-23,3343.84
2020-10-26,3299.45
2020-10-27,3348.0
2020-10-28,3317.37
2020-10-29,3314.82
2020-10-30,3295.01
2020-11-02,3299.34
2020-11-03,3323.11
2020-11-04,3354.96
2020-11-05,3419.2
2020-11-06,3434.73
2020-11-09,3474.7
2020-11-10,3461.41
2020-11-11,3495.03
2020-11-12,3498.09
2020-11-13,3511.2
2020-11-14,3524.18
2020-11-17,3537.1
2020-11-18,3532.86
2020-11-19,3508.44
2020-11-20,3551.21
2020-11-23,3594.35
2020-11-24,3625.11
2020-11-25,3566.19
2020-11-26,3590.68
2020-11-27,3610.05
2020-12-01,3638.62
2020-12-02,3665.51
2020-12-03,3695.46
2020-12-04,3721.75
2020-12-07,3740.18
2020-12-08,3735.14
2020-12-09,3763.0
2020-12-10,3779.18
2020-12-11,3784.58
2020-12-14,3797.73
2020-12-15,3806.9
2020-12-16,3840.73
2020-12-17,3849.43
2020-12-18,3865.09
2020-12-21,3749.86
2020-12-22,3808.27
2020-12-23,3847.85
2020-12-24,3858.65
2020-12-28,3886.29
2020-12-29,3903.16
2020-12-30,3924.9
2020-12-31,3925.06
2021-01-01,3942.2
2021-01-04,3981.97
2021-01-05,4006.15
2021-01-06,3983.65
2021-01-07,3966.7
2021-01-08,4044.3
2021-01-11,4102.15
2021-01-12,4098.14
2021-01-13,4084.82
2021-01-14,4092.25
2021-01-15,4029.57
2021-01-18,3990.3
2021-01-19,4043.65
2021-01-20,4073.0
2021-01-21,4067.02
2021-01-22,4046.67
2021-01-25,4022.96
2021-01-27,3976.78
2021-01-28,3943.96
2021-01-29,3860.1
2021-02-01,3966.68
2021-02-02,4027.47
2021-02-03,4052.52
2021-02-04,4086.86
2021-02-05,4063.94
2021-02-08,4097.8
2021-02-09,4095.07
2021-02-10,4097.13
2021-02-11,4111.0
2021-02-12,4084.54
2021-02-15,4088.87
2021-02-16,4080.03
2021-02-17,4049.1
2021-02-18,4044.12
2021-02-19,4007.23
2021-02-22,3930.46
2021-02-23,3923.95
2021-02-24,3971.95
2021-02-25,3994.12
2021-02-26,3882.96
2021-03-01,3939.7
2021-03-02,4008.25
2021-03-03,4046.53
2021-03-04,4035.06
2021-03-05,4002.07
2021-03-08,3994.02
2021-03-09,4011.38
2021-03-10,4045.1
2021-03-12,4006.69
2021-03-15,3996.02
2021-03-16,4018.02
2021-03-17,3970.26
2021-03-18,3925.86
2021-03-19,3968.75
2021-03-22,3992.54
2021-03-23,4004.34
2021-03-24,3957.49
2021-03-25,3876.11
2021-03-26,3936.92
2021-03-30,4026.61
2021-03-31,4008.46
2021-04-01,4033.99
2021-04-05,3978.34
2021-04-06,4002.22
2021-04-07,4040.94
2021-04-08,4069.31
2021-04-09,4073.03
2021-04-12,3942.72
2021-04-13,3954.63
2021-04-15,3949.03
2021-04-16,3973.17
2021-04-19,3906.81
2021-04-20,3896.54
2021-04-22,3895.31
2021-04-23,3879.34
2021-04-26,3884.84
2021-04-27,3910.45
2021-04-28,3956.19
2021-04-29,3946.84
2021-04-30,3908.09
2021-05-03,3924.08
2021-05-04,3908.45
2021-05-05,3930.53
2021-05-06,3967.44
2021-05-07,3970.36
2021-05-10,3993.4
2021-05-11,4000.87
2021-05-12,3987.56
2021-05-14,3998.91
2021-05-17,4041.15
2021-05-18,4095.92
2021-05-19,4103.38
2021-05-20,4079.76
2021-05-21,4108.97
2021-05-24,4117.15
2021-05-25,4148.3
2021-05-26,4175.12
2021-05-27,4182.57
2021-05-28,4184.09
2021-05-31,4218.17
2021-06-01,4215.22
2021-06-02,4219.72
2021-06-03,4258.46
2021-06-04,4248.56
2021-06-07,4265.17
2021-06-08,4283.68
2021-06-09,4269.17
2021-06-10,4304.03
2021-06-11,4323.52
2021-06-14,4326.81
2021-06-15,4350.72
2021-06-16,4338.0
2021-06-17,4321.89
2021-06-18,4315.79
2021-06-21,4322.16
2021-06-22,4324.77
2021-06-23,4315.01
2021-06-24,4349.47
2021-06-25,4352.2
2021-06-28,4345.35
2021-06-29,4345.54
2021-06-30,4344.51
2021-07-01,4354.79
2021-07-02,4351.79
2021-07-05,4386.65
2021-07-06,4371.13
2021-07-07,4390.07
2021-07-08,4376.58
2021-07-09,4362.7
2021-07-12,4357.95
2021-07-13,4355.17
2021-07-14,4365.75
2021-07-15,4390.44
2021-07-16,4373.38
2021-07-19,4346.81
2021-07-20,4349.56
2021-07-22,4388.56
2021-07-23,4391.95
2021-07-26,4390.61
2021-07-27,4378.47
2021-07-28,4371.91
2021-07-29,4366.95
2021-07-30,4377.92
2021-08-02,4402.67
2021-08-03,4467.76
2021-08-04,4446.62
2021-08-05,4453.24
2021-08-06,4450.97
2021-08-09,4455.85
2021-08-10,4448.62
2021-08-11,4440.75
2021-08-12,4459.01
2021-08-13,4474.57
2021-08-16,4471.48
2021-08-17,4516.43
2021-08-18,4520.49
2021-08-20,4548.59
2021-08-23,4560.6
2021-08-24,4565.47
2021-08-25,4569.05
2021-08-26,4574.09
2021-08-27,4584.88
2021-08-30,4633.16
2021-08-31,4697.27
2021-09-01,4708.96
2021-09-02,4762.82
2021-09-03,4787.69
2021-09-06,4794.47
2021-09-07,4790.37
2021-09-08,4776.5
2021-09-09,4797.33
2021-09-13,4818.79
2021-09-14,4837.59
2021-09-15,4871.61
2021-09-16,4890.32
2021-09-17,4876.21
2021-09-20,4845.8
2021-09-21,4898.72
2021-09-22,4911.32
2021-09-23,4944.61
2021-09-24,4955.82
2021-09-27,4917.95
2021-09-28,4880.92
2021-09-29,4872.65
2021-09-30,4852.57
2021-10-01,4838.51
2021-10-04,4862.46
2021-10-05,4901.88
2021-10-06,4858.25
2021-10-07,4926.38
2021-10-08,4928.03
2021-10-11,4933.2
2021-10-12,4954.91
2021-10-13,4979.08
2021-10-14,4989.49
2021-10-18,4996.17
2021-10-19,4961.88
2021-10-20,4912.56
2021-10-21,4836.95
2021-10-22,4795.12
2021-10-25,4730.68
2021-10-26,4781.77
2021-10-27,4789.79
2021-10-28,4721.15
2021-10-29,4692.18
2021-11-01,4774.12
2021-11-02,4765.35
2021-11-03,4754.88
2021-11-04,4790.53
2021-11-08,4823.45
2021-11-09,4810.33
2021-11-10,4800.75
2021-11-11,4777.37
2021-11-12,4821.54
2021-11-15,4835.77
2021-11-16,4842.49
2021-11-17,4835.59
2021-11-18,4774.17
2021-11-22,4686.99
2021-11-23,4705.43
2021-11-24,4665.68
2021-11-25,4671.78
2021-11-26,4578.14
2021-11-29,4576.44
2021-11-30,4583.9
2021-12-01,4620.06
2021-12-02,4687.91
2021-12-03,4647.41
2021-12-06,4555.5
2021-12-07,4612.47
2021-12-08,4687.21
2021-12-09,4705.08
2021-12-10,4713.32
2021-12-13,4687.39
2021-12-14,4685.64
2021-12-15,4652.48
2021-12-16,4665.56
2021-12-17,4610.97
2021-12-20,4531.85
2021-12-21,4593.03
2021-12-22,4638.86
2021-12-23,4679.81
2021-12-24,4678.18
2021-12-27,4691.44
2021-12-28,4736.67
2021-12-29,4738.64
2021-12-30,4749.76
2021-12-31,4797.83
2022-01-03,4846.3
2022-01-04,4870.95
2022-01-05,4882.86
2022-01-06,4855.91
2022-01-07,4881.1
2022-01-10,4907.34
2022-01-11,4912.37
2022-01-12,4914.26
2022-01-13,4910.81
2022-01-14,4896.67
2022-01-17,4898.51
2022-01-18,4828.15
2022-01-19,4783.56
2022-01-20,4737.98
2022-01-21,4703.68
2022-01-24,4568.57
2022-01-25,4606.27
2022-01-27,4524.07
2022-01-28,4528.37
2022-01-31,4594.79
2022-02-01,4659.4
2022-02-02,4709.98
2022-02-03,4684.01
2022-02-04,4685.31
2022-02-07,4607.79
2022-02-08,4614.87
2022-02-09,4680.19
2022-02-10,4697.69
2022-02-11,4629.97
2022-02-14,4528.78
2022-02-15,4653.01
2022-02-16,4651.69
2022-02-17,4642.66
2022-02-18,4631.93
2022-02-21,4610.53
2022-02-22,4588.29
2022-02-23,4584.78
2022-02-24,4387.36
2022-02-25,4488.07
2022-02-28,4528.25
2022-03-02,4473.9
2022-03-03,4443.48
2022-03-04,4370.4
2022-03-07,4280.4
2022-03-08,4343.78
2022-03-09,4415.81
2022-03-10,4476.61
2022-03-11,4476.84
2022-03-14,4513.91
2022-03-15,4485.85
2022-03-16,4574.94
2022-03-17,4633.03
2022-03-21,4576.63
2022-03-22,4586.69
2022-03-23,4569.28
2022-03-24,4575.36
2022-03-25,4541.56
2022-03-28,4536.67
2022-03-29,4543.97
2022-03-30,4582.13
2022-03-31,4592.35
2022-04-01,4637.51
2022-04-04,4709.77
2022-04-05,4732.31
2022-04-06,4700.68
2022-04-07,4677.99
2022-04-08,4717.46
2022-04-11,4687.55
2022-04-12,4634.85
2022-04-13,4629.02
2022-04-18,4588.81
2022-04-19,4490.13
2022-04-20,4539.55
2022-04-21,4604.63
2022-04-22,4581.76
2022-04-25,4512.92
2022-04-26,4587.18
2022-04-27,4554.12
2022-04-28,4610.02
2022-04-29,4550.67
2022-05-02,4530.08
2022-05-04,4432.57
2022-05-05,4434.89
2022-05-06,4368.5
2022-05-09,4343.48
2022-05-10,4342.72
2022-05-11,4312.05
2022-05-12,4250.66
2022-05-13,4285.0
2022-05-16,4286.65
2022-05-17,4383.92
2022-05-18,4409.31
2022-05-19,4293.9
2022-05-20,4386.3
2022-05-23,4393.92
2022-05-24,4335.4
2022-05-25,4277.78
2022-05-26,4311.1
2022-05-27,4354.09
2022-05-30,4434.42
2022-05-31,4446.9
2022-06-01,4400.01
2022-06-02,4413.73
2022-06-03,4377.93
2022-06-06,4360.05
2022-06-07,4304.77
2022-06-08,4294.43
2022-06-09,4324.15
2022-06-10,4296.55
2022-06-13,4222.18
2022-06-14,4210.71
2022-06-15,4213.77
2022-06-16,4148.4
2022-06-17,4093.27
2022-06-20,4145.55
2022-06-21,4222.81
2022-06-22,4181.55
2022-06-23,4251.33
2022-06-24,4287.78
2022-06-27,4325.83
2022-06-28,4321.77
2022-06-29,4287.71
2022-06-30,4263.59
2022-07-01,4330.69
2022-07-04,4368.79
2022-07-05,4354.89
2022-07-06,4450.51
2022-07-07,4471.79
2022-07-08,4480.15
2022-07-11,4469.33
2022-07-12,4423.82
2022-07-13,4434.21
2022-07-14,4414.37
2022-07-15,4453.1
2022-07-18,4495.37
2022-07-19,4502.55
2022-07-20,4550.06
2022-07-21,4604.34
2022-07-22,4612.93
2022-07-25,4595.95
2022-07-26,4524.54
2022-07-27,4579.96
2022-07-28,4665.16
2022-07-29,4727.52
2022-08-01,4751.93
2022-08-02,4766.9
2022-08-03,4773.61
2022-08-04,4806.45
2022-08-05,4816.83
2022-08-08,4827.44
2022-08-10,4806.49
2022-08-11,4839.25
2022-08-12,4813.74
2022-08-16,4849.63
2022-08-17,4898.72
2022-08-18,4892.41
2022-08-19,4850.03
2022-08-22,4779.9
2022-08-23,4778.72
2022-08-24,4777.71
2022-08-25,4759.35
2022-08-26,4766.05
2022-08-29,4734.64
2022-08-30,4844.33
2022-09-01,4809.76
2022-09-02,4800.55
2022-09-05,4796.34
2022-09-06,4776.59
2022-09-07,4786.12
2022-09-08,4807.68
2022-09-09,4834.38
2022-09-12,4862.18
2022-09-13,4878.17
2022-09-14,4844.96
2022-09-15,4814.45
2022-09-16,4692.04
2022-09-19,4723.82
2022-09-20,4773.46
2022-09-21,4773.21
2022-09-22,4792.71
2022-09-23,4747.98
2022-09-26,4685.85
2022-09-27,4709.42
2022-09-28,4712.83
2022-09-29,4684.57
2022-09-30,4716.31
2022-10-03,4649.5
2022-10-04,4744.29
2022-10-06,4751.44
2022-10-07,4740.82
2022-10-10,4725.93
2022-10-11,4632.66
2022-10-12,4675.66
2022-10-13,4650.53
2022-10-14,4680.78
2022-10-17,4700.95
2022-10-18,4746.88
2022-10-19,4741.68
2022-10-20,4772.74
2022-10-21,4744.79
2022-10-24,4770.85
2022-10-25,4759.99
2022-10-27,4760.27
2022-10-28,4775.9
2022-10-31,4833.95
2022-11-01,4887.92
2022-11-02,4858.08
2022-11-03,4849.88
2022-11-04,4847.32
2022-11-07,4854.85
2022-11-09,4843.72
2022-11-10,4819.35
2022-11-11,4870.98
2022-11-14,4866.66
2022-11-15,4884.01
2022-11-16,4884.94
2022-11-17,4854.3
2022-11-18,4837.0
2022-11-21,4807.85
2022-11-22,4827.1
2022-11-23,4831.28
2022-11-24,4881.18
2022-11-25,4886.56
2022-11-28,4895.05
2022-11-29,4926.84
2022-11-30,4956.68
2022-12-01,4974.44
2022-12-02,4948.24
2022-12-05,4943.37
2022-12-06,4929.48
2022-12-07,4920.99
2022-12-08,4919.22
2022-12-09,4883.92
2022-12-12,4879.79
2022-12-13,4887.77
2022-12-14,4890.74
2022-12-15,4833.41
2022-12-16,4791.75
2022-12-19,4837.69
2022-12-20,4821.78
2022-12-21,4804.19
2022-12-22,4786.7
2022-12-23,4704.75
2022-12-26,4743.04
2022-12-27,4764.66
2022-12-28,4774.11
2022-12-29,4770.47
2022-12-30,4754.77
2023-01-02,4747.11
2023-01-03,4758.97
2023-01-04,4724.5
2023-01-05,4741.07
2023-01-06,4702.39
2023-01-09,4750.95
2023-01-10,4717.31
2023-01-11,4691.09
2023-01-12,4695.81
2023-01-13,4716.37
2023-01-16,4724.5
2023-01-17,4759.04
2023-01-18,4782.88
2023-01-19,4768.37
2023-01-20,4733.84
2023-01-23,4776.1
2023-01-24,4796.46
2023-01-25,4760.87
2023-01-27,4734.34
2023-01-30,4753.53
2023-01-31,4740.09
2023-02-01,4757.22
2023-02-02,4777.14
2023-02-03,4793.07
2023-02-06,4795.09
2023-02-07,4770.81
2023-02-08,4801.71
2023-02-09,4812.02
2023-02-10,4792.18
2023-02-13,4765.42
2023-02-14,4787.5
2023-02-15,4825.97
2023-02-16,4857.96
2023-02-17,4832.47
2023-02-20,4825.99
2023-02-21,4816.79
2023-02-22,4773.2
2023-02-23,4762.8
2023-02-24,4757.14
2023-02-27,4709.69
2023-02-28,4709.69
2023-03-01,4748.67
2023-03-02,4725.44
2023-03-03,4744.83
2023-03-06,4775.99
2023-03-08,4782.43
2023-03-09,4741.28
2023-03-10,4729.26
2023-03-13,4686.2
2023-03-14,4650.44
2023-03-15,4638.51
2023-03-16,4665.46
2023-03-17,4683.17
2023-03-20,4657.29
2023-03-21,4653.94
2023-03-22,4661.45
2023-03-23,4643.7
2023-03-24,4615.0
2023-03-27,4620.71
2023-03-28,4593.97
2023-03-29,4642.85
2023-03-31,4700.91
2023-04-03,4723.48
2023-04-05,4762.08
2023-04-06,4755.28
2023-04-10,4757.72
2023-04-11,4762.56
2023-04-12,4801.12
2023-04-13,4785.39
2023-04-17,4760.77
2023-04-18,4775.03
2023-04-19,4744.65
2023-04-20,4736.98
2023-04-21,4758.79
2023-04-24,4774.36
2023-04-25,4780.51
2023-04-26,4800.02
2023-04-27,4820.02
2023-04-28,4871.89
2023-05-02,4897.73
2023-05-03,4901.48
2023-05-04,4923.75
2023-05-05,4913.43
2023-05-08,4952.37
2023-05-09,4962.37
2023-05-10,4982.19
2023-05-11,5011.51
2023-05-12,5022.42
2023-05-15,5052.47
2023-05-16,5045.09
2023-05-17,5026.2
2023-05-18,5002.73
2023-05-19,5008.36
2023-05-22,5053.55
2023-05-23,5052.29
2023-05-24,5057.67
2023-05-25,5079.5
2023-05-26,5139.44
2023-05-29,5146.18
2023-05-30,5160.19
2023-05-31,5165.6
2023-06-01,5182.22
2023-06-02,5196.36
2023-06-05,5186.3
2023-06-06,5183.28
2023-06-07,5231.21
2023-06-08,5196.58
2023-06-09,5162.5
2023-06-12,5194.94
2023-06-13,5231.15
2023-06-14,5236.09
2023-06-15,5241.76
2023-06-16,5258.46
2023-06-19,5250.24
2023-06-20,5275.57
2023-06-21,5272.34
2023-06-22,5228.03
2023-06-23,5202.78
2023-06-26,5222.66
2023-06-27,5240.52
2023-06-28,5265.36
2023-06-30,5341.81
2023-07-03,5339.66
2023-07-04,5346.82
2023-07-05,5414.76
2023-07-06,5413.99
2023-07-07,5353.47
2023-07-10,5319.62
2023-07-11,5361.61
2023-07-12,5349.11
2023-07-13,5346.84
2023-07-14,5437.43
2023-07-17,5448.37
2023-07-18,5459.3
2023-07-19,5462.75
2023-07-20,5485.62
2023-07-21,5410.89
2023-07-24,5398.6
2023-07-25,5378.6
2023-07-26,5387.97
2023-07-27,5379.33
2023-07-28,5394.0
2023-07-31,5410.29
2023-08-01,5427.22
2023-08-02,5390.66
2023-08-03,5360.65
2023-08-04,5392.37
2023-08-07,5416.52
2023-08-08,5412.42
2023-08-09,5422.24
2023-08-10,5392.09
2023-08-11,5372.78
2023-08-14,5379.34
2023-08-16,5394.21
2023-08-17,5370.26
2023-08-18,5340.24
2023-08-21,5367.42
2023-08-22,5374.87
2023-08-23,5386.36
2023-08-24,5389.4
2023-08-25,5352.81
2023-08-28,5352.86
2023-08-29,5372.91
2023-08-30,5390.85
2023-08-31,5372.77
2023-09-01,5406.56
2023-09-04,5448.71
2023-09-05,5472.09
2023-09-06,5493.71
2023-09-07,5537.9
2023-09-08,5559.91
2023-09-11,5600.45
2023-09-12,5580.94
2023-09-13,5581.49
2023-09-14,5588.79
2023-09-15,5630.2
2023-09-18,5631.7
2023-09-20,5596.92
2023-09-21,5572.06
2023-09-22,5572.09
2023-09-25,5555.92
2023-09-26,5566.32
2023-09-27,5585.16
2023-09-28,5472.32
2023-09-29,5500.01
2023-10-03,5472.21
2023-10-04,5471.3
2023-10-05,5488.43
2023-10-06,5506.16
2023-10-09,5484.18
2023-10-10,5537.2
2023-10-11,5565.87
2023-10-12,5554.65
2023-10-13,5558.67
2023-10-16,5555.98
2023-10-17,5580.72
2023-10-18,5550.74
2023-10-19,5574.37
2023-10-20,5542.94
2023-10-23,5464.81
2023-10-25,5435.96
2023-10-26,5364.85
2023-10-27,5427.0
2023-10-30,5415.14
2023-10-31,5425.47
2023-11-01,5375.39
2023-11-02,5420.12
2023-11-03,5452.69
2023-11-06,5503.82
2023-11-07,5503.77
2023-11-08,5522.83
2023-11-09,5506.73
2023-11-10,5501.53
2023-11-12,5535.54
2023-11-13,5528.67
2023-11-15,5597.78
2023-11-16,5644.49
2023-11-17,5683.46
2023-11-20,5691.0
2023-11-21,5700.07
2023-11-22,5708.92
2023-11-23,5727.9
2023-11-24,5709.77
2023-11-28,5734.19
2023-11-29,5788.42
2023-11-30,5815.88
2023-12-01,5854.55
2023-12-04,5909.41
2023-12-05,5905.36
2023-12-06,5942.36
2023-12-07,5935.33
2023-12-08,5935.89
2023-12-11,5954.72
2023-12-12,5943.88
2023-12-13,5952.66
2023-12-14,6015.61
2023-12-15,6079.17
2023-12-18,6086.01
2023-12-19,6117.69
2023-12-20,6010.53
2023-12-21,6033.0
2023-12-22,6116.88
2023-12-26,6168.7
2023-12-27,6209.19
2023-12-28,6261.59
2023-12-29,6277.6
2024-01-01,6292.64
2024-01-02,6272.31
2024-01-03,6227.44
2024-01-04,6251.41
2024-01-05,6263.6
2024-01-08,6190.41
2024-01-09,6201.27
2024-01-10,6199.77
2024-01-11,6222.89
2024-01-12,6291.05
2024-01-15,6357.34
2024-01-16,6324.97
2024-01-17,6263.91
2024-01-18,6198.07
2024-01-19,6264.85
2024-01-20,6241.65
2024-01-23,6098.43
2024-01-24,6192.95
2024-01-25,6147.84
2024-01-29,6197.68
2024-01-30,6165.38
2024-01-31,6223.29
2024-02-01,6226.27
2024-02-02,6269.57
2024-02-05,6248.39
2024-02-06,6326.09
2024-02-07,6326.77
2024-02-08,6281.43
2024-02-09,6287.43
2024-02-12,6241.34
2024-02-13,6297.21
2024-02-14,6342.21
2024-02-15,6363.99
2024-02-16,6422.61
2024-02-19,6414.79
2024-02-20,6390.51
2024-02-21,6333.8
2024-02-22,6417.43
2024-02-23,6417.9
2024-02-26,6376.59
2024-02-27,6395.9
2024-02-28,6335.73
2024-02-29,6348.56
2024-03-01,6378.9
2024-03-02,6399.7
2024-03-04,6393.84
2024-03-05,6371.13
2024-03-06,6401.62
2024-03-07,6444.75
2024-03-11,6434.84
2024-03-12,6400.69
2024-03-13,6287.25
2024-03-14,6397.84
2024-03-15,6350.81
2024-03-18,6347.32
2024-03-19,6235.89
2024-03-20,6254.14
2024-03-21,6328.63
2024-03-22,6336.68
2024-03-26,6341.32
2024-03-27,6325.27
2024-03-28,6380.25
2024-04-01,6417.4
2024-04-02,6448.15
2024-04-03,6444.01
2024-04-04,6455.29
2024-04-05,6465.05
2024-04-08,6486.05
2024-04-09,6453.47
2024-04-10,6488.2
2024-04-12,6459.27
2024-04-15,6398.77
2024-04-16,6376.16
2024-04-18,6316.88
2024-04-19,6316.61
2024-04-22,6373.48
2024-04-23,6411.35
2024-04-24,6430.62
2024-04-25,6470.52
2024-04-26,6501.33
2024-04-29,6484.18
2024-04-30,6476.42
2024-05-02,6507.63
2024-05-03,6485.88
2024-05-06,6496.91
2024-05-07,6527.61
2024-05-08,6542.65
2024-05-09,6449.95
2024-05-10,6498.65
2024-05-13,6531.91
2024-05-14,6573.28
2024-05-15,6547.43
2024-05-16,6625.93
2024-05-17,6623.9
2024-05-18,6666.79
2024-05-21,6702.23
2024-05-22,6769.63
2024-05-23,6834.28
2024-05-24,6838.99
2024-05-27,6835.41
2024-05-28,6831.09
2024-05-29,6801.95
2024-05-30,6708.03
2024-05-31,6698.26
2024-06-03,6794.84
2024-06-04,6592.95
2024-06-05,6811.58
2024-06-06,6891.12
2024-06-07,7003.37
2024-06-10,6993.65
2024-06-11,7007.86
2024-06-12,7021.76
2024-06-13,7053.63
2024-06-14,7072.68
2024-06-18,7109.65
2024-06-19,7038.25
2024-06-20,7040.06
2024-06-21,7006.86
2024-06-24,7040.75
2024-06-25,7049.05
2024-06-26,7043.24
2024-06-27,7064.96
2024-06-28,7074.23
2024-07-01,7138.27
2024-07-02,7131.21
2024-07-03,7179.55
2024-07-04,7192.94
2024-07-05,7223.59
2024-07-08,7259.5
2024-07-09,7309.57
2024-07-10,7312.19
2024-07-11,7320.45
2024-07-12,7381.08
2024-07-15,7393.28
2024-07-16,7428.67
2024-07-18,7441.06
2024-07-19,7361.23
2024-07-22,7372.62
2024-07-23,7391.04
2024-07-24,7353.57
2024-07-25,7355.1
2024-07-26,7476.8
2024-07-29,7497.43
2024-07-30,7495.68
2024-07-31,7530.37
2024-08-01,7534.34
2024-08-02,7424.96
2024-08-05,7293.21
2024-08-06,7291.96
2024-08-07,7417.19
2024-08-08,7334.49
2024-08-09,7394.55
2024-08-12,7370.98
2024-08-13,7339.57
2024-08-14,7336.3
2024-08-16,7476.73
2024-08-19,7503.7
2024-08-20,7536.26
2024-08-21,7589.0
2024-08-22,7607.31
2024-08-23,7589.64
2024-08-26,7645.28
2024-08-27,7613.58
2024-08-28,7630.18
2024-08-29,7656.39
2024-08-30,7678.48
2024-09-02,7703.78
2024-09-03,7706.69
2024-09-04,7704.56
2024-09-05,7689.69
2024-09-06,7638.64
2024-09-09,7670.71
2024-09-10,7732.19
2024-09-11,7737.43
2024-09-12,7847.31
2024-09-13,7837.82
2024-09-16,7826.34
2024-09-17,7820.79
2024-09-18,7747.36
2024-09-19,7730.52
2024-09-20,7837.25
2024-09-23,7881.93
2024-09-24,7883.02
2024-09-25,7857.77
2024-09-26,7912.59
2024-09-27,7950.09
2024-09-30,7884.78
2024-10-01,7893.65
2024-10-03,7746.72
2024-10-04,7662.81
2024-10-07,7604.81
2024-10-08,7693.17
2024-10-09,7693.4
2024-10-10,7664.75
2024-10-11,7683.71
2024-10-14,7718.49
2024-10-15,7705.54
2024-10-16,7685.97
2024-10-17,7559.6
2024-10-18,7528.09
2024-10-21,7494.95
2024-10-22,7398.2
2024-10-23,7400.42
2024-10-24,7317.02
2024-10-25,7285.78
2024-10-28,7294.27
2024-10-29,7290.1
2024-10-30,7310.99
2024-10-31,7217.62
2024-11-01,7238.69
2024-11-04,7161.02
2024-11-05,7181.58
2024-11-06,7320.67
2024-11-07,7255.0
2024-11-08,7248.7
2024-11-11,7222.83
2024-11-12,7091.36
2024-11-13,7018.08
2024-11-14,7003.4
2024-11-18,6980.94
2024-11-19,7007.8
2024-11-21,6967.39
2024-11-22,7114.42
2024-11-25,7192.28
2024-11-26,7239.04
2024-11-27,7282.56
2024-11-28,7183.79
2024-11-29,7208.37
2024-12-02,7244.6
2024-12-03,7262.58
2024-12-04,7257.63
2024-12-05,7307.32
2024-12-06,7302.29
2024-12-09,7233.7
2024-12-10,7254.26
2024-12-11,7295.2
2024-12-12,7262.66
2024-12-13,7314.4
2024-12-16,7293.25
2024-12-17,7202.47
2024-12-18,7171.77
2024-12-19,7093.18
2024-12-20,6970.32
2024-12-23,6987.47
2024-12-24,6985.12
2024-12-26,6986.98
2024-12-27,6988.55
2024-12-30,6971.49
2024-12-31,6989.69
2025-01-01,7010.18
2025-01-02,7149.11
2025-01-03,7106.98
2025-01-06,6994.59
2025-01-07,7002.13
2025-01-08,7011.73
2025-01-09,7005.89
2025-01-10,7011.72
2025-01-13,6890.88
2025-01-14,6857.74
2025-01-15,6870.18
2025-01-16,6867.58
2025-01-17,6898.92
2025-01-20,6916.21
2025-01-21,6843.06
2025-01-22,6878.24
2025-01-23,6932.34
2025-01-24,6895.03
2025-01-27,6771.7
2025-01-28,6739.85
2025-01-29,6811.29
2025-01-30,6858.24
2025-01-31,6981.48
2025-02-01,7012.17
2025-02-03,6940.36
2025-02-04,7006.7
2025-02-05,6981.91
2025-02-06,6953.37
2025-02-07,6937.73
2025-02-10,6882.83
2025-02-11,6758.02
2025-02-12,6741.89
2025-02-13,6718.86
2025-02-14,6657.52
2025-02-17,6669.66
2025-02-18,6646.79
2025-02-19,6621.31
2025-02-20,6642.8
2025-02-21,6603.39
2025-02-24,6547.93
2025-02-25,6528.65
2025-02-27,6482.9
2025-02-28,6307.68
2025-03-03,6324.38
2025-03-04,6280.29
2025-03-05,6383.49
2025-03-06,6449.01
2025-03-07,6446.94
2025-03-10,6410.23
2025-03-11,6421.95
2025-03-12,6381.4
2025-03-13,6349.3
2025-03-17,6358.81
2025-03-18,6456.0
2025-03-19,6457.68
2025-03-20,6537.33
2025-03-21,6574.6
2025-03-24,6651.9
2025-03-25,6636.81
2025-03-26,6613.87
2025-03-27,6647.33
2025-03-28,6616.34
2025-04-01,6537.53
2025-04-02,6571.79
2025-04-03,6541.15
2025-04-04,6422.15
2025-04-07,6290.57
2025-04-08,6406.28
2025-04-09,6414.63
2025-04-11,6502.27
2025-04-15,6613.69
2025-04-16,6642.48
2025-04-17,6669.3
2025-04-21,6727.24
2025-04-22,6749.31
2025-04-23,6843.4
2025-04-24,6825.25
2025-04-25,6751.76
2025-04-28,6797.2
2025-04-29,6819.49
2025-04-30,6815.57
2025-05-02,6777.36
2025-05-05,6821.13
2025-05-06,6808.43
2025-05-07,6790.96
2025-05-08,6736.7
2025-05-09,6728.37
2025-05-12,6958.23
2025-05-13,6922.15
2025-05-14,6973.15
2025-05-15,7060.09
2025-05-16,7101.47
2025-05-19,7099.64
2025-05-20,7004.52
2025-05-21,7072.46
2025-05-22,7023.24
2025-05-23,7076.49
2025-05-26,7139.51
2025-05-27,7109.85
2025-05-28,7069.74
2025-05-29,7081.08
2025-05-30,7034.09
2025-06-02,7040.54
2025-06-03,7009.96
2025-06-04,7028.79
2025-06-05,7053.75
2025-06-06,7089.35
2025-06-09,7133.88
2025-06-10,7173.93
2025-06-11,7170.63
2025-06-12,7100.1
2025-06-13,7079.16
2025-06-16,7140.27
2025-06-17,7129.93
2025-06-18,7105.14
2025-06-19,7075.61
2025-06-20,7131.35
2025-06-23,7099.8
2025-06-24,7112.99
2025-06-25,7149.82
2025-06-26,7180.95
2025-06-27,7203.27
2025-06-30,7194.52
2025-07-01,7179.14
2025-07-02,7179.14
2025-07-03,7202.06
2025-07-04,7232.57
2025-07-07,7249.13
2025-07-08,7241.67
2025-07-09,7251.89
2025-07-10,7211.92
2025-07-11,7154.17
2025-07-14,7126.54
2025-07-15,7169.09
2025-07-16,7190.84
2025-07-17,7168.2
2025-07-18,7127.34
2025-07-21,7126.04
2025-07-22,7100.45
2025-07-23,7117.04
2025-07-24,7049.09
2025-07-25,6973.23
2025-07-28,6955.28
2025-07-29,7000.93
2025-07-30,7011.09
2025-07-31,7010.51
2025-08-01,6969.5
2025-08-04,7035.45
2025-08-05,7018.11
2025-08-06,6950.95
2025-08-07,6986.89
2025-08-08,6930.19
2025-08-11,6969.69
2025-08-12,6959.17
2025-08-13,7002.93
2025-08-14,6996.38
2025-08-18,7100.55
2025-08-19,7135.3
2025-08-20,7198.27
2025-08-21,7183.48
2025-08-22,7133.45
2025-08-25,7185.68
2025-08-26,7176.99
2025-08-28,7119.26
2025-08-29,7128.45
2025-09-01,7216.74
2025-09-02,7251.55
2025-09-03,7270.88
2025-09-04,7259.95
2025-09-05,7225.39
2025-09-08,7228.4
2025-09-09,7292.07
2025-09-10,7343.57
2025-09-11,7337.81
2025-09-12,7351.17
2025-09-15,7335.17
2025-09-16,7363.04
2025-09-17,7383.45
2025-09-18,7403.5
2025-09-19,7387.51
2025-09-22,7317.09
2025-09-23,7265.74
2025-09-24,7238.3
2025-09-25,7201.62
2025-09-26,7109.5
2025-09-29,7106.61
2025-09-30,7111.29
2025-10-01,7136.55
2025-10-03,7153.25
2025-10-06,7191.7
2025-10-07,7196.23
2025-10-08,7175.29
2025-10-09,7220.16
2025-10-10,7262.95
2025-10-13,7229.01
2025-10-14,7193.07
2025-10-15,7244.05
2025-10-16,7336.31
2025-10-17,7368.07
2025-10-20,7387.55
2025-10-21,7389.95
2025-10-23,7410.25
2025-10-24,7384.21
2025-10-27,7394.83
2025-10-28,7352.17
2025-10-29,7367.71
2025-10-30,7335.42
2025-10-31,7330.2
2025-11-03,7326.3
2025-11-04,7270.52
2025-11-06,7262.52
2025-11-07,7253.87
2025-11-10,7300.23
2025-11-11,7338.3
2025-11-12,7389.03
2025-11-13,7380.65
2025-11-14,7376.87
2025-11-17,7415.85
2025-11-18,7384.41
2025-11-19,7424.57
2025-11-20,7443.12
2025-11-21,7411.71
2025-11-24,7384.23
2025-11-25,7378.27
2025-11-26,7466.26
2025-11-27,7448.82
2025-11-28,7460.74
2025-12-01,7480.47
2025-12-02,7483.74
2025-12-03,7457.91
2025-12-04,7508.4
2025-12-05,7533.5
2025-12-08,7441.15
2025-12-09,7395.87
2025-12-10,7386.12
2025-12-11,7430.93
2025-12-12,7443.47
2025-12-15,7454.33
2025-12-16,7426.28
2025-12-17,7404.54
2025-12-18,7405.06
2025-12-19,7452.09
2025-12-22,7522.39
2025-12-23,7538.42
2025-12-24,7522.2
2025-12-26,7492.09
2025-12-29,7468.12
2025-12-30,7457.68
2025-12-31,7498.6
2026-01-01,7475.76
2026-01-02,7525.24
2026-01-05,7553.19
2026-01-06,7608.49
2026-01-07,7638.86
2026-01-08,7533.89
2026-01-09,7506.29
2026-01-12,7536.31
2026-01-13,7516.05
2026-01-14,7484.67
2026-01-16,7496.8
2026-01-19,7515.4
2026-01-20,7365.09
2026-01-21,7324.45
2026-01-22,7414.18
2026-01-23,7380.28
2026-01-27,7408.25
2026-01-28,7481.63
2026-01-29,7439.56
2026-01-30,7439.12
2026-02-01,7279.46
2026-02-02,7334.72
2026-02-03,7435.93
2026-02-04,7341.87
2026-02-05,7293.27
2026-02-06,7287.71
2026-02-09,7338.8
2026-02-10,7351.31
2026-02-11,7368.24
2026-02-12,7282.53
2026-02-13,7176.53
2026-02-16,7209.33
2026-02-17,7259.8
2026-02-18,7274.56
2026-02-19,7168.14
2026-02-20,7199.25
2026-02-23,7206.32
2026-02-24,7125.34
2026-02-25,7201.85
2026-02-26,7222.09
2026-02-27,7133.39
2026-03-02,7074.24
2026-03-04,6975.84
2026-03-05,7046.65
2026-03-06,7054.7
2026-03-09,6933.77
2026-03-10,7022.97
2026-03-11,6944.84
2026-03-12,6894.27
2026-03-13,6754.21
2026-03-16,6755.81
2026-03-17,6774.26
2026-03-18,6833.5
2026-03-19,6627.85
2026-03-20,6687.17
2026-03-23,6516.24
2026-03-24,6603.84
2026-03-25,6688.58
2026-03-27,6571.29
2026-03-30,6457.3
2026-04-01,6586.56
2026-04-02,6613.23
2026-04-06,6681.83
2026-04-07,6754.63
2026-04-08,6889.48
2026-04-09,6926.52
2026-04-10,6980.44
2026-04-13,6910.07
2026-04-15,7031.98
2026-04-16,7071.39
2026-04-17,7157.54
2026-04-20,7145.78
2026-04-21,7231.51
2026-04-22,7199.73
2026-04-23,7176.09
2026-04-24,7064.08
2026-04-27,7138.99
2026-04-28,7107.11
2026-04-29,7166.12
2026-04-30,7139.46
2026-05-04,7164.51
2026-05-05,7180.22
2026-05-06,7225.7
2026-05-07,7227.79
2026-05-08,7225.98
2026-05-11,7155.49
2026-05-12,7005.46
2026-05-13,7030.86
2026-05-14,7060.46
2026-05-15,7066.18
2026-05-18,7074.24
2026-05-19,7106.87
2026-05-20,7089.68
2026-05-21,7090.66
2026-05-22,7101.42
2026-05-25,7141.84
2026-05-26,7150.25
2026-05-27,7183.22
2026-05-29,7106.32
2026-06-01,7070.24
2026-06-02,7148.48
2026-06-03,7053.66
2026-06-04,7048.47
2026-06-05,7025.76
2026-06-08,6966.73
2026-06-09,7018.64
2026-06-10,6990.3
2026-06-11,6919.37
2026-06-12,6962.92
2026-06-15,7020.89
2026-06-16,7062.82
2026-06-17,7121.7
2026-06-18,7127.34
2026-06-19,7067.76
2026-06-22,7091.45
2026-06-23,7018.6
2026-06-24,7006.4
2026-06-25,6997.38
2026-06-29,6969.54
2026-06-30,6938.62
2026-07-01,6975.3
2026-07-02,7068.34
2026-07-03,7125.63
2026-07-06,7146.01
2026-07-07,7157.84
2026-07-08,7031.67
2026-07-09,7022.6
2026-07-10,7078.86
2026-07-13,7103.34
2026-07-14,7055.43
2026-07-15,7072.46
2026-07-16,7089.87
2026-07-17,7145.63
2026-07-20,7165.74
2026-07-21,7165.82
2026-07-22,7166.0
2026-07-23,7145.19
2026-07-24,7142.15
2026-07-27,7229.11
2026-07-28,7228.17
2026-07-29,7317.53
2026-07-30,7345.47
2026-07-31,7332.12
2026-08-03,7485.5
2026-08-04,7434.18
2026-08-05,7440.58
2026-08-06,7443.15
2026-08-07,7484.96
